"houseCode","title","rentYuanPerMonth","district","businessArea","community","area","orientation","layout","floor","tags","brand","maintenance","detailUrl","coverUrl","photoCount","photoStatus","photoUrls","photoError","listPageUrl","page","collectedAt"
"BJ2189384917610135552","整租·中和家园 3室2厅 南/北","12000","朝阳区","南沙滩","中和家园","117.49㎡","南 北","3室2厅2卫","高楼层 （6层）","官方核验|近地铁|精装|集中供暖|双卫生间","链家",,"https://bj.zu.ke.com/zufang/BJ2189384917610135552.html","https://ke-image.ljcdn.com/110000-inspection/pc1_lA2kYBXhJ.jpg!m_fill,w_250,h_182,l_fbk,o_auto","10","multi","https://ke-image.ljcdn.com/110000-inspection/pc0_oh5AneWiE.jpg!m_fill,w_780,h_439,l_fbk,o_auto|https://ke-image.ljcdn.com/110000-inspection/pc0_aQcSI4kRu.jpg!m_fill,w_780,h_439,l_fbk,o_auto|https://ke-image.ljcdn.com/110000-inspection/pc0_uLgzgdRt4.jpg!m_fill,w_780,h_439,l_fbk,o_auto|https://ke-image.ljcdn.com/110000-inspection/pc1_lA2kYBXhJ.jpg!m_fill,w_780,h_439,l_fbk,o_auto|https://ke-image.ljcdn.com/110000-inspection/pc0_sSQcAnchG.jpg!m_fill,w_780,h_439,l_fbk,o_auto|https://ke-image.ljcdn.com/110000-inspection/pc0_Czuk0cHZX.jpg!m_fill,w_780,h_439,l_fbk,o_auto|https://ke-image.ljcdn.com/110000-inspection/pc0_GJt95vtpU.jpg!m_fill,w_780,h_439,l_fbk,o_auto|https://ke-image.ljcdn.com/110000-inspection/pc0_e9nbPKHBz.jpg!m_fill,w_780,h_439,l_fbk,o_auto|https://ke-image.ljcdn.com/110000-inspection/pc0_ONR4PvIEF.jpg!m_fill,w_780,h_439,l_fbk,o_auto|https://ke-image.ljcdn.com/110000-inspection/pc0_yxZ3q6FO5.jpg!m_fill,w_780,h_439,l_fbk,o_auto",,"https://bj.zu.ke.com/ditiezufang/li43143633s46538455/rt200600000001l1l2/","1","2026/8/23 17:05:25"
"BJ2187062357912453120","整租·中和家园 2室1厅 东/西","6600","朝阳区","南沙滩","中和家园","83.43㎡","东 西","2室1厅1卫","中楼层 （14层）","官方核验|近地铁|集中供暖|随时看房","链家","今天维护","https://bj.zu.ke.com/zufang/BJ2187062357912453120.html","https://ke-image.ljcdn.com/110000-inspection/pc1_KwR9NbLQ8.jpg!m_fill,w_250,h_182,l_fbk,o_auto","12","multi","https://ke-image.ljcdn.com/110000-inspection/pc0_LjfVa0lIa.jpg!m_fill,w_780,h_439,l_fbk,o_auto|https://ke-image.ljcdn.com/110000-inspection/pc0_IbhzLN4IQ.jpg!m_fill,w_780,h_439,l_fbk,o_auto|https://ke-image.ljcdn.com/110000-inspection/pc0_XwZKZkRlA.jpg!m_fill,w_780,h_439,l_fbk,o_auto|https://ke-image.ljcdn.com/110000-inspection/pc0_fvE9WZskQ.jpg!m_fill,w_780,h_439,l_fbk,o_auto|https://ke-image.ljcdn.com/110000-inspection/pc1_KwR9NbLQ8.jpg!m_fill,w_780,h_439,l_fbk,o_auto|https://ke-image.ljcdn.com/110000-inspection/pc0_20Huct1Dg.jpg!m_fill,w_780,h_439,l_fbk,o_auto|https://ke-image.ljcdn.com/110000-inspection/pc0_fJe3HiQJU.jpg!m_fill,w_780,h_439,l_fbk,o_auto|https://ke-image.ljcdn.com/110000-inspection/pc0_9foYUyYHI.jpg!m_fill,w_780,h_439,l_fbk,o_auto|https://ke-image.ljcdn.com/110000-inspection/pc0_aWGTQC1fl.jpg!m_fill,w_780,h_439,l_fbk,o_auto|https://ke-image.ljcdn.com/110000-inspection/pc0_rTMMqZn5Z.jpg!m_fill,w_780,h_439,l_fbk,o_auto|https://ke-image.ljcdn.com/110000-inspection/pc0_QaJuu8Y0Q.jpg!m_fill,w_780,h_439,l_fbk,o_auto|https://ke-image.ljcdn.com/110000-inspection/pc0_jfcEQUHlN.jpg!m_fill,w_780,h_439,l_fbk,o_auto",,"https://bj.zu.ke.com/ditiezufang/li43143633s46538455/rt200600000001l1l2/","1","2026/8/23 17:05:25"
"BJ2202719626796728320","整租·南沙滩小区 3室1厅 南/北","8000","朝阳区","南沙滩","南沙滩小区","76.99㎡","南 北","3室1厅1卫","高楼层 （6层）","自营|新上|近地铁|精装|集中供暖|押一付一|随时看房|首次出租","贝壳优选","今天维护","https://bj.zu.ke.com/zufang/BJ2202719626796728320.html","https://ke-image.ljcdn.com/lease-image/house/57414f8b1917cf0a22662867c2668d16.jpeg.250x182.jpg","11","multi","https://ke-image.ljcdn.com/lease-image/house/57414f8b1917cf0a22662867c2668d16.jpeg.780x439.jpg|https://ke-image.ljcdn.com/lease-image/house/94ee83e41564defa511128de40eded0a.jpeg.780x439.jpg|https://ke-image.ljcdn.com/lease-image/house/7d1f465d24267dff088ff6c85132695c.jpeg.780x439.jpg|https://ke-image.ljcdn.com/lease-image/house/92cf733a0a3b5b21feb3af8ebae17870.jpeg.780x439.jpg|https://ke-image.ljcdn.com/lease-image/house/f51907d00acc0f7f93798efca3577251.jpeg.780x439.jpg|https://ke-image.ljcdn.com/lease-image/house/487617bcea62a63256aa47851376f23e.jpeg.780x439.jpg|https://ke-image.ljcdn.com/lease-image/house/afc9ba3abf713aec8f6e2cc2e2878a84.jpeg.780x439.jpg|https://ke-image.ljcdn.com/lease-image/house/9fd6b27f3f09bde2857ef62e86d881a8.jpeg.780x439.jpg|https://ke-image.ljcdn.com/lease-image/house/688bde23cbe87ebcbd06f6487f193c5e.jpeg.780x439.jpg|https://ke-image.ljcdn.com/lease-image/house/b71847df9236a55c20e5657d4df30929.jpeg.780x439.jpg|https://ke-image.ljcdn.com/lease-image/house/54b4d1529c99082c3940c250332efcd5.jpeg.780x439.jpg",,"https://bj.zu.ke.com/ditiezufang/li43143633s46538455/rt200600000001l1l2/","1","2026/8/23 17:05:25"
"BJ2153879524893261824","整租·华源冠军城 2室1厅 南","8900","朝阳区","南沙滩","华源冠军城","95.29㎡","南","2室1厅1卫","中楼层 （21层）","官方核验|近地铁|精装|集中供暖|随时看房","链家",,"https://bj.zu.ke.com/zufang/BJ2153879524893261824.html","https://ke-image.ljcdn.com/110000-inspection/pc1_F8eWEETRL.jpg!m_fill,w_250,h_182,l_fbk,o_auto","7","multi","https://ke-image.ljcdn.com/110000-inspection/pc1_F8eWEETRL.jpg!m_fill,w_780,h_439,l_fbk,o_auto|https://ke-image.ljcdn.com/110000-inspection/pc0_FPz8FYnNp.jpg!m_fill,w_780,h_439,l_fbk,o_auto|https://ke-image.ljcdn.com/110000-inspection/pc0_xIrVH5KTo.jpg!m_fill,w_780,h_439,l_fbk,o_auto|https://ke-image.ljcdn.com/110000-inspection/pc0_9f9Re25Kf.jpg!m_fill,w_780,h_439,l_fbk,o_auto|https://ke-image.ljcdn.com/110000-inspection/pc0_MhScj4Ine.jpg!m_fill,w_780,h_439,l_fbk,o_auto|https://ke-image.ljcdn.com/110000-inspection/pc0_A9dIBx90F.jpg!m_fill,w_780,h_439,l_fbk,o_auto|https://ke-image.ljcdn.com/110000-inspection/pc0_zCONEivty.jpg!m_fill,w_780,h_439,l_fbk,o_auto",,"https://bj.zu.ke.com/ditiezufang/li43143633s46538455/rt200600000001l1l2/","1","2026/8/23 17:05:25"
"BJ2187161491990380544","整租·北沙滩小区 3室1厅 南/北","8100","朝阳区","奥林匹克公园","北沙滩小区","76.00㎡","南 北","3室1厅1卫","中楼层 （6层）","近地铁|精装|集中供暖","链家",,"https://bj.zu.ke.com/zufang/BJ2187161491990380544.html","https://ke-image.ljcdn.com/110000-inspection/pc1_b64AZQ3qU.jpg!m_fill,w_250,h_182,l_fbk,o_auto","7","multi","https://ke-image.ljcdn.com/110000-inspection/pc1_b64AZQ3qU.jpg!m_fill,w_780,h_439,l_fbk,o_auto|https://ke-image.ljcdn.com/110000-inspection/pc0_jgu4EWf2d.jpg!m_fill,w_780,h_439,l_fbk,o_auto|https://ke-image.ljcdn.com/110000-inspection/pc0_9vpSj6J7O.jpg!m_fill,w_780,h_439,l_fbk,o_auto|https://ke-image.ljcdn.com/110000-inspection/pc0_MRlqHTMFW.jpg!m_fill,w_780,h_439,l_fbk,o_auto|https://ke-image.ljcdn.com/110000-inspection/pc0_FLvSg92v7.jpg!m_fill,w_780,h_439,l_fbk,o_auto|https://ke-image.ljcdn.com/110000-inspection/pc0_4TaEm6ZLq.jpg!m_fill,w_780,h_439,l_fbk,o_auto|https://ke-image.ljcdn.com/110000-inspection/pc0_NTyECzUyA.jpg!m_fill,w_780,h_439,l_fbk,o_auto",,"https://bj.zu.ke.com/ditiezufang/li43143633s46538455/rt200600000001l1l2/","1","2026/8/23 17:05:25"
"BJ1709536637572087808","整租·二里庄北里 2室1厅 南/北","4830","海淀区","二里庄","二里庄北里","46.70㎡","南 北","2室1厅1卫","高楼层 （6层）","自营|月租|近地铁|集中供暖|押一付一|随时看房","贝壳优选","今天维护","https://bj.zu.ke.com/zufang/BJ1709536637572087808.html","https://ke-image.ljcdn.com/110000-inspection/pc1_crcHWcD9B.jpg!m_fill,w_250,h_182,l_fbk,o_auto","6","multi","https://ke-image.ljcdn.com/110000-inspection/pc1_crcHWcD9B.jpg!m_fill,w_780,h_439,l_fbk,o_auto|https://ke-image.ljcdn.com/110000-inspection/pc0_1L2wEgZzg.jpg!m_fill,w_780,h_439,l_fbk,o_auto|https://ke-image.ljcdn.com/110000-inspection/pc0_6PICupmom.jpg!m_fill,w_780,h_439,l_fbk,o_auto|https://ke-image.ljcdn.com/110000-inspection/pc0_5ai0034oc.jpg!m_fill,w_780,h_439,l_fbk,o_auto|https://ke-image.ljcdn.com/110000-inspection/pc0_41l6TLhh8.jpg!m_fill,w_780,h_439,l_fbk,o_auto|https://ke-image.ljcdn.com/110000-inspection/pc0_1BRfq7UId.jpg!m_fill,w_780,h_439,l_fbk,o_auto",,"https://bj.zu.ke.com/ditiezufang/li43143633s46538455/rt200600000001l1l2/","1","2026/8/23 17:05:25"
"BJ2195077213701799936","整租·中和家园 2室2厅 东/西","8100","朝阳区","南沙滩","中和家园","101.50㎡","东 西","2室2厅1卫","高楼层 （14层）","近地铁|精装|集中供暖","链家",,"https://bj.zu.ke.com/zufang/BJ2195077213701799936.html","https://ke-image.ljcdn.com/110000-inspection/pc1_eAbtXxhLN.jpg!m_fill,w_250,h_182,l_fbk,o_auto","7","multi","https://ke-image.ljcdn.com/110000-inspection/pc0_Rsf04FrZ7.jpg!m_fill,w_780,h_439,l_fbk,o_auto|https://ke-image.ljcdn.com/110000-inspection/pc0_FQ2jSE8YL.jpg!m_fill,w_780,h_439,l_fbk,o_auto|https://ke-image.ljcdn.com/110000-inspection/pc0_J1U3n9dy5.jpg!m_fill,w_780,h_439,l_fbk,o_auto|https://ke-image.ljcdn.com/110000-inspection/pc0_fPX5AjcAz.jpg!m_fill,w_780,h_439,l_fbk,o_auto|https://ke-image.ljcdn.com/110000-inspection/pc0_hJayycznL.jpg!m_fill,w_780,h_439,l_fbk,o_auto|https://ke-image.ljcdn.com/110000-inspection/pc0_gpEevUAgj.jpg!m_fill,w_780,h_439,l_fbk,o_auto|https://ke-image.ljcdn.com/110000-inspection/pc1_eAbtXxhLN.jpg!m_fill,w_780,h_439,l_fbk,o_auto",,"https://bj.zu.ke.com/ditiezufang/li43143633s46538455/rt200600000001l1l2/","1","2026/8/23 17:05:25"
"BJ1976175528645754880","整租·南沙滩小区 2室1厅 东/西","5400","朝阳区","南沙滩","南沙滩小区","52.37㎡","东 西","2室1厅1卫","低楼层 （6层）","自营|月租|近地铁|集中供暖|押一付一|随时看房","贝壳优选","今天维护","https://bj.zu.ke.com/zufang/BJ1976175528645754880.html","https://ke-image.ljcdn.com/lease-image/house/b4df872163fee089cfd358d636af5638.jpeg.250x182.jpg","11","multi","https://ke-image.ljcdn.com/lease-image/house/b4df872163fee089cfd358d636af5638.jpeg.780x439.jpg|https://ke-image.ljcdn.com/lease-image/house/080d9ef0947843049f9ba56cf8dcbac6.jpeg.780x439.jpg|https://ke-image.ljcdn.com/lease-image/house/e8c60b0630e2a7303c21fcd11c52d589.jpeg.780x439.jpg|https://ke-image.ljcdn.com/lease-image/house/bf3ef410800c80de45a2e65b0624f28d.jpeg.780x439.jpg|https://ke-image.ljcdn.com/lease-image/house/990705527a605bb9cea7c779919d506d.jpeg.780x439.jpg|https://ke-image.ljcdn.com/lease-image/house/c91c74a44f4235cb375c2fb9c577d3db.jpeg.780x439.jpg|https://ke-image.ljcdn.com/lease-image/house/95ff342f920d230af88c69d1c33690c2.jpeg.780x439.jpg|https://ke-image.ljcdn.com/lease-image/house/2870ab7dce030695948a8f0593c16bbe.jpeg.780x439.jpg|https://ke-image.ljcdn.com/lease-image/house/79e800595f591b113d06e8b4a1e695fa.jpeg.780x439.jpg|https://ke-image.ljcdn.com/lease-image/house/7c71c0f0cbb3028d2f7f200b550942fd.jpeg.780x439.jpg|https://ke-image.ljcdn.com/lease-image/house/f6802b9463c959fe5621a5d9d1ce2606.jpeg.780x439.jpg",,"https://bj.zu.ke.com/ditiezufang/li43143633s46538455/rt200600000001l1l2/","1","2026/8/23 17:05:25"
"BJ2199744704235438080","整租·中和家园 2室1厅 南/北","7600","朝阳区","南沙滩","中和家园","72.28㎡","南 北","2室1厅1卫","低楼层 （6层）","近地铁|精装|集中供暖","链家","1天前维护","https://bj.zu.ke.com/zufang/BJ2199744704235438080.html","https://ke-image.ljcdn.com/110000-inspection/pc1_UQ3ckHiAD.jpg!m_fill,w_250,h_182,l_fbk,o_auto","11","multi","https://ke-image.ljcdn.com/110000-inspection/pc0_m2ZN4FQUt.jpg!m_fill,w_780,h_439,l_fbk,o_auto|https://ke-image.ljcdn.com/110000-inspection/pc0_DBrCI4EvU.jpg!m_fill,w_780,h_439,l_fbk,o_auto|https://ke-image.ljcdn.com/110000-inspection/pc0_Xv3TdNqMc.jpg!m_fill,w_780,h_439,l_fbk,o_auto|https://ke-image.ljcdn.com/110000-inspection/pc0_8zAuEMktO.jpg!m_fill,w_780,h_439,l_fbk,o_auto|https://ke-image.ljcdn.com/110000-inspection/pc1_UQ3ckHiAD.jpg!m_fill,w_780,h_439,l_fbk,o_auto|https://ke-image.ljcdn.com/110000-inspection/pc0_3QeI2APzE.jpg!m_fill,w_780,h_439,l_fbk,o_auto|https://ke-image.ljcdn.com/110000-inspection/pc0_fU5o0FYiD.jpg!m_fill,w_780,h_439,l_fbk,o_auto|https://ke-image.ljcdn.com/110000-inspection/pc0_rkOqWPTmQ.jpg!m_fill,w_780,h_439,l_fbk,o_auto|https://ke-image.ljcdn.com/110000-inspection/pc0_DIDMHQ8Lm.jpg!m_fill,w_780,h_439,l_fbk,o_auto|https://ke-image.ljcdn.com/110000-inspection/pc0_2aCWQabNu.jpg!m_fill,w_780,h_439,l_fbk,o_auto|https://ke-image.ljcdn.com/110000-inspection/pc0_tOUdfpPgi.jpg!m_fill,w_780,h_439,l_fbk,o_auto",,"https://bj.zu.ke.com/ditiezufang/li43143633s46538455/rt200600000001l1l2/","1","2026/8/23 17:05:25"
"BJ2185405688824463360","整租·南沙滩小区 2室1厅 西北","6000","朝阳区","南沙滩","南沙滩小区","50.00㎡","西北","2室1厅1卫","低楼层 （6层）","近地铁|精装|集中供暖","链家","1天前维护","https://bj.zu.ke.com/zufang/BJ2185405688824463360.html","https://ke-image.ljcdn.com/110000-inspection/pc1_cUKG2s44e.jpg!m_fill,w_250,h_182,l_fbk,o_auto","8","multi","https://ke-image.ljcdn.com/110000-inspection/pc1_cUKG2s44e.jpg!m_fill,w_780,h_439,l_fbk,o_auto|https://ke-image.ljcdn.com/110000-inspection/17863514421421786351436875_424792370.jpg!m_fill,w_780,h_439,l_fbk,o_auto|https://ke-image.ljcdn.com/110000-inspection/17863514569721786351454819_424792393.jpg!m_fill,w_780,h_439,l_fbk,o_auto|https://ke-image.ljcdn.com/110000-inspection/17863514773841786351475674_424792392.jpg!m_fill,w_780,h_439,l_fbk,o_auto|https://ke-image.ljcdn.com/110000-inspection/17863515014021786351498475_424792394.jpg!m_fill,w_780,h_439,l_fbk,o_auto|https://ke-image.ljcdn.com/110000-inspection/17863515181131786351515927_424792395.jpg!m_fill,w_780,h_439,l_fbk,o_auto|https://ke-image.ljcdn.com/110000-inspection/17863515304561786351528928_424792397.jpg!m_fill,w_780,h_439,l_fbk,o_auto|https://ke-image.ljcdn.com/110000-inspection/17863515444931786351543029_424792396.jpg!m_fill,w_780,h_439,l_fbk,o_auto",,"https://bj.zu.ke.com/ditiezufang/li43143633s46538455/rt200600000001l1l2/","1","2026/8/23 17:05:25"
"BJ1794639435866832896","整租·中和家园 2室1厅 南","7760","朝阳区","南沙滩","中和家园","72.28㎡","南","2室1厅1卫","低楼层 （6层）","公寓|近地铁|精装|集中供暖|押一付一","自如","3天前维护","https://bj.zu.ke.com/zufang/BJ1794639435866832896.html","https://ke-image.ljcdn.com/rent-house-1/img/2b659455896a8fbc9fd92302ea46835f-1763799736714/2be9e3e3c291ac54b39516fd1315c7b3.jpg.250x182.jpg","14","multi","https://ke-image.ljcdn.com/rent-house-1/img/2b659455896a8fbc9fd92302ea46835f-1763799736714/2be9e3e3c291ac54b39516fd1315c7b3.jpg.780x439.jpg|https://ke-image.ljcdn.com/rent-house-1/img/2b659455896a8fbc9fd92302ea46835f-1763799736940/d52e12570a42901cbd38bc1a37be0cb2.jpg.780x439.jpg|https://ke-image.ljcdn.com/rent-house-1/img/2b659455896a8fbc9fd92302ea46835f-1763799736361/6a2eecc2428a1d19d01b12959c186327.jpg.780x439.jpg|https://ke-image.ljcdn.com/rent-house-1/img/2b659455896a8fbc9fd92302ea46835f-1763799736430/e6e8a0628865114e2b3166b61b0ca694.jpg.780x439.jpg|https://ke-image.ljcdn.com/rent-house-1/img/2b659455896a8fbc9fd92302ea46835f-1763799736222/75748679c834320b76fc9f4e0096dc7a.jpg.780x439.jpg|https://ke-image.ljcdn.com/rent-house-1/img/2b659455896a8fbc9fd92302ea46835f-1763799756618/318ddc922d7f3356e50d6ff4f183ac78.jpg.780x439.jpg|https://ke-image.ljcdn.com/rent-house-1/img/2b659455896a8fbc9fd92302ea46835f-1763799736577/6a1ae8b36932dc343e6577ce3ad409ce.jpg.780x439.jpg|https://ke-image.ljcdn.com/rent-house-1/img/2b659455896a8fbc9fd92302ea46835f-1763799756263/0a2db0c93272fbd20dd3d9b9b8f33b1e.jpg.780x439.jpg|https://ke-image.ljcdn.com/rent-house-1/img/2b659455896a8fbc9fd92302ea46835f-1763799736404/ef73ab0eab45d4d6307d9d177d47fff9.jpg.780x439.jpg|https://ke-image.ljcdn.com/rent-house-1/img/2b659455896a8fbc9fd92302ea46835f-1763799736389/08a43edba59a10ccf3072308c00c2db1.jpg.780x439.jpg|https://ke-image.ljcdn.com/rent-house-1/img/2b659455896a8fbc9fd92302ea46835f-1763799736654/057ff644ec9ddb4f3cc7306e0003ba1f.jpg.780x439.jpg|https://ke-image.ljcdn.com/rent-house-1/img/2b659455896a8fbc9fd92302ea46835f-1763799737191/f4c284e170e8370067532d42444ae22a.jpg.780x439.jpg|https://ke-image.ljcdn.com/rent-house-1/img/2b659455896a8fbc9fd92302ea46835f-1763799736705/bd9abeb60cc63546f3430320291589e5.jpg.780x439.jpg|https://ke-image.ljcdn.com/rent-house-1/img/2b659455896a8fbc9fd92302ea46835f-1763800272816/3228305cdc53c6c4c7fb69f17fdeb480.jpg.780x439.jpg",,"https://bj.zu.ke.com/ditiezufang/li43143633s46538455/rt200600000001l1l2/","1","2026/8/23 17:05:25"
"BJ2189236661412429824","整租·南沙滩小区 2室1厅 南/西/北","5700","朝阳区","南沙滩","南沙滩小区","60.00㎡","南 西 北","2室1厅1卫","中楼层 （6层）","近地铁|集中供暖|随时看房","链家","2天前维护","https://bj.zu.ke.com/zufang/BJ2189236661412429824.html","https://ke-image.ljcdn.com/110000-inspection/pc1_jCllUSd3E.jpg!m_fill,w_250,h_182,l_fbk,o_auto","6","multi","https://ke-image.ljcdn.com/110000-inspection/pc1_jCllUSd3E.jpg!m_fill,w_780,h_439,l_fbk,o_auto|https://ke-image.ljcdn.com/110000-inspection/pc0_lTt6EaT8z.jpg!m_fill,w_780,h_439,l_fbk,o_auto|https://ke-image.ljcdn.com/110000-inspection/pc0_yPrr9ZRbt.jpg!m_fill,w_780,h_439,l_fbk,o_auto|https://ke-image.ljcdn.com/110000-inspection/pc0_jVyIEXXNw.jpg!m_fill,w_780,h_439,l_fbk,o_auto|https://ke-image.ljcdn.com/110000-inspection/pc0_n7WLZSIWB.jpg!m_fill,w_780,h_439,l_fbk,o_auto|https://ke-image.ljcdn.com/110000-inspection/pc0_a6PxAdNmt.jpg!m_fill,w_780,h_439,l_fbk,o_auto",,"https://bj.zu.ke.com/ditiezufang/li43143633s46538455/rt200600000001l1l2/","1","2026/8/23 17:05:25"
"BJ2193248151098359808","整租·北沙滩小区 3室1厅 南/北","9200","朝阳区","奥林匹克公园","北沙滩小区","91.28㎡","南 北","3室1厅1卫","中楼层 （4层）","近地铁|精装|集中供暖","链家","3天前维护","https://bj.zu.ke.com/zufang/BJ2193248151098359808.html","https://ke-image.ljcdn.com/110000-inspection/pc1_f5zPcLAUO.jpg!m_fill,w_250,h_182,l_fbk,o_auto","9","multi","https://ke-image.ljcdn.com/110000-inspection/pc1_f5zPcLAUO.jpg!m_fill,w_780,h_439,l_fbk,o_auto|https://ke-image.ljcdn.com/110000-inspection/pc0_Yl5GXVN3z.jpg!m_fill,w_780,h_439,l_fbk,o_auto|https://ke-image.ljcdn.com/110000-inspection/pc0_sFA5Hyl8q.jpg!m_fill,w_780,h_439,l_fbk,o_auto|https://ke-image.ljcdn.com/110000-inspection/pc0_ia3Izlc2B.jpg!m_fill,w_780,h_439,l_fbk,o_auto|https://ke-image.ljcdn.com/110000-inspection/pc0_EyoJ2GxB0.jpg!m_fill,w_780,h_439,l_fbk,o_auto|https://ke-image.ljcdn.com/110000-inspection/pc0_fkhGJFxPG.jpg!m_fill,w_780,h_439,l_fbk,o_auto|https://ke-image.ljcdn.com/110000-inspection/pc0_LbcSI5WzA.jpg!m_fill,w_780,h_439,l_fbk,o_auto|https://ke-image.ljcdn.com/110000-inspection/pc0_ZPJHrFytj.jpg!m_fill,w_780,h_439,l_fbk,o_auto|https://ke-image.ljcdn.com/110000-inspection/pc0_WHbmwQ637.jpg!m_fill,w_780,h_439,l_fbk,o_auto",,"https://bj.zu.ke.com/ditiezufang/li43143633s46538455/rt200600000001l1l2/","1","2026/8/23 17:05:25"
"BJ2197740870193643520","整租·南沙滩小区 2室1厅 南","6900","朝阳区","南沙滩","南沙滩小区","55.77㎡","南","2室1厅1卫","中楼层 （6层）","近地铁|精装|集中供暖","链家",,"https://bj.zu.ke.com/zufang/BJ2197740870193643520.html","https://ke-image.ljcdn.com/110000-inspection/pc1_b7X6KEt8P.jpg!m_fill,w_250,h_182,l_fbk,o_auto","7","multi","https://ke-image.ljcdn.com/110000-inspection/6e1cd6cb-3b66-44b6-ae2d-645708385ba1_1000.jpg!m_fill,w_780,h_439,l_fbk,o_auto|https://ke-image.ljcdn.com/110000-inspection/pc0_NCc4gshNG.jpg!m_fill,w_780,h_439,l_fbk,o_auto|https://ke-image.ljcdn.com/110000-inspection/pc1_b7X6KEt8P.jpg!m_fill,w_780,h_439,l_fbk,o_auto|https://ke-image.ljcdn.com/110000-inspection/3942f935-1ab8-4adf-8c64-e924c75ad043_1000.jpg!m_fill,w_780,h_439,l_fbk,o_auto|https://ke-image.ljcdn.com/110000-inspection/pc0_3rJCyPIMH.jpg!m_fill,w_780,h_439,l_fbk,o_auto|https://ke-image.ljcdn.com/110000-inspection/pc0_K2RNK4kUJ.jpg!m_fill,w_780,h_439,l_fbk,o_auto|https://ke-image.ljcdn.com/110000-inspection/pc0_2l26DhypI.jpg!m_fill,w_780,h_439,l_fbk,o_auto",,"https://bj.zu.ke.com/ditiezufang/li43143633s46538455/rt200600000001l1l2/","1","2026/8/23 17:05:25"
"BJ2199191293962223616","整租·天和人家 2室2厅 南","9800","朝阳区","南沙滩","天和人家","108.33㎡","南","2室2厅1卫","低楼层 （24层）","近地铁|精装|集中供暖","链家","1天前维护","https://bj.zu.ke.com/zufang/BJ2199191293962223616.html","https://s1.ljcdn.com/matrix_pc/dist/pc/src/resource/default/250-182_1.png?_v=20260812154717866","1","none_or_single","https://ke-image.ljcdn.com/rent-front-image/2a778015dbbab30fcde0a978314ce007.png.780x439.jpg",,"https://bj.zu.ke.com/ditiezufang/li43143633s46538455/rt200600000001l1l2/","1","2026/8/23 17:05:25"
"BJ2199924835168026624","整租·华源冠军城 3室2厅 南/西","14500","朝阳区","南沙滩","华源冠军城","130.53㎡","南 西","3室2厅2卫","中楼层 （25层）","业主自荐|近地铁|精装|集中供暖|双卫生间","链家","1天前维护","https://bj.zu.ke.com/zufang/BJ2199924835168026624.html","https://ke-image.ljcdn.com/110000-inspection/pc1_KOqFRaeor.jpg!m_fill,w_250,h_182,l_fbk,o_auto","20","multi","https://ke-image.ljcdn.com/110000-inspection/pc0_beZEckRaF.jpg!m_fill,w_780,h_439,l_fbk,o_auto|https://ke-image.ljcdn.com/110000-inspection/pc0_zhaIbjnWP.jpg!m_fill,w_780,h_439,l_fbk,o_auto|https://ke-image.ljcdn.com/110000-inspection/pc0_ScaIdOZjT.jpg!m_fill,w_780,h_439,l_fbk,o_auto|https://ke-image.ljcdn.com/110000-inspection/17868645695821786864568351_2012881046.jpg!m_fill,w_780,h_439,l_fbk,o_auto|https://ke-image.ljcdn.com/110000-inspection/17868645807941786864579667_2012881045.jpg!m_fill,w_780,h_439,l_fbk,o_auto|https://ke-image.ljcdn.com/110000-inspection/17868646603001786864659093_2012881014.jpg!m_fill,w_780,h_439,l_fbk,o_auto|https://ke-image.ljcdn.com/110000-inspection/17868646727431786864671585_2012881009.jpg!m_fill,w_780,h_439,l_fbk,o_auto|https://ke-image.ljcdn.com/110000-inspection/pc1_KOqFRaeor.jpg!m_fill,w_780,h_439,l_fbk,o_auto|https://ke-image.ljcdn.com/110000-inspection/pc0_jkPtsLUrM.jpg!m_fill,w_780,h_439,l_fbk,o_auto|https://ke-image.ljcdn.com/110000-inspection/pc0_S0HmIhQRm.jpg!m_fill,w_780,h_439,l_fbk,o_auto|https://ke-image.ljcdn.com/110000-inspection/17868645902401786864589240_2012881044.jpg!m_fill,w_780,h_439,l_fbk,o_auto|https://ke-image.ljcdn.com/110000-inspection/17868646000351786864598924_2012881043.jpg!m_fill,w_780,h_439,l_fbk,o_auto|https://ke-image.ljcdn.com/110000-inspection/17868646091941786864608064_2012881042.jpg!m_fill,w_780,h_439,l_fbk,o_auto|https://ke-image.ljcdn.com/110000-inspection/pc0_Z3UndtbfD.jpg!m_fill,w_780,h_439,l_fbk,o_auto|https://ke-image.ljcdn.com/110000-inspection/17868646191431786864617957_2012881041.jpg!m_fill,w_780,h_439,l_fbk,o_auto|https://ke-image.ljcdn.com/110000-inspection/pc0_ABx70UODX.jpg!m_fill,w_780,h_439,l_fbk,o_auto|https://ke-image.ljcdn.com/110000-inspection/pc0_vxyewcoQa.jpg!m_fill,w_780,h_439,l_fbk,o_auto|https://ke-image.ljcdn.com/110000-inspection/17868646296011786864628402_2012881039.jpg!m_fill,w_780,h_439,l_fbk,o_auto|https://ke-image.ljcdn.com/110000-inspection/17868646398011786864638672_2012881016.jpg!m_fill,w_780,h_439,l_fbk,o_auto|https://ke-image.ljcdn.com/110000-inspection/17868646505661786864649475_2012881017.jpg!m_fill,w_780,h_439,l_fbk,o_auto",,"https://bj.zu.ke.com/ditiezufang/li43143633s46538455/rt200600000001l1l2/","1","2026/8/23 17:05:25"
"BJ2202102979543171072","整租·华源冠军城 3室1厅 南/北","13800","朝阳区","南沙滩","华源冠军城","166.91㎡","南 北","3室1厅2卫","高楼层 （26层）","业主自荐|新上|近地铁|精装|集中供暖|双卫生间","链家","1天前维护","https://bj.zu.ke.com/zufang/BJ2202102979543171072.html","https://ke-image.ljcdn.com/110000-inspection/pc1_AuC9iCM7S.jpg!m_fill,w_250,h_182,l_fbk,o_auto","12","multi","https://ke-image.ljcdn.com/110000-inspection/pc0_5xQuivIH8.jpg!m_fill,w_780,h_439,l_fbk,o_auto|https://ke-image.ljcdn.com/110000-inspection/pc0_DePNNlj5z.jpg!m_fill,w_780,h_439,l_fbk,o_auto|https://ke-image.ljcdn.com/110000-inspection/pc0_uzwiyEs2A.jpg!m_fill,w_780,h_439,l_fbk,o_auto|https://ke-image.ljcdn.com/110000-inspection/pc0_PflORDU5K.jpg!m_fill,w_780,h_439,l_fbk,o_auto|https://ke-image.ljcdn.com/110000-inspection/pc1_AuC9iCM7S.jpg!m_fill,w_780,h_439,l_fbk,o_auto|https://ke-image.ljcdn.com/110000-inspection/pc0_9aRZBzUin.jpg!m_fill,w_780,h_439,l_fbk,o_auto|https://ke-image.ljcdn.com/110000-inspection/pc0_NELjXmIvv.jpg!m_fill,w_780,h_439,l_fbk,o_auto|https://ke-image.ljcdn.com/110000-inspection/pc0_9lVhMmwvF.jpg!m_fill,w_780,h_439,l_fbk,o_auto|https://ke-image.ljcdn.com/110000-inspection/pc0_0P8q6fiwJ.jpg!m_fill,w_780,h_439,l_fbk,o_auto|https://ke-image.ljcdn.com/110000-inspection/pc0_Ozk5KVD16.jpg!m_fill,w_780,h_439,l_fbk,o_auto|https://ke-image.ljcdn.com/110000-inspection/pc0_CUffHNY9v.jpg!m_fill,w_780,h_439,l_fbk,o_auto|https://ke-image.ljcdn.com/110000-inspection/pc0_LWSbNrJ3w.jpg!m_fill,w_780,h_439,l_fbk,o_auto",,"https://bj.zu.ke.com/ditiezufang/li43143633s46538455/rt200600000001l1l2/","1","2026/8/23 17:05:25"
"BJ2195067836857057280","整租·南沙滩小区 2室1厅 南/北","7000","朝阳区","南沙滩","南沙滩小区","64.41㎡","南 北","2室1厅1卫","中楼层 （6层）","官方核验|近地铁|精装|集中供暖","链家","2天前维护","https://bj.zu.ke.com/zufang/BJ2195067836857057280.html","https://ke-image.ljcdn.com/110000-inspection/pc1_LZz3bVlSk.jpg!m_fill,w_250,h_182,l_fbk,o_auto","10","multi","https://ke-image.ljcdn.com/110000-inspection/610d23072caedfdeb1be8468224c16c6.png!m_fill,w_780,h_439,l_fbk,o_auto|https://ke-image.ljcdn.com/110000-inspection/e2d4228fadadf6ca76067b9e21ca4fe6.png!m_fill,w_780,h_439,l_fbk,o_auto|https://ke-image.ljcdn.com/110000-inspection/10f727b89b45c3725a87ae1a1a8763b9.png!m_fill,w_780,h_439,l_fbk,o_auto|https://ke-image.ljcdn.com/110000-inspection/pc1_LZz3bVlSk.jpg!m_fill,w_780,h_439,l_fbk,o_auto|https://ke-image.ljcdn.com/110000-inspection/a0c35c2efc17cd3217d9860d2e0a796a.png!m_fill,w_780,h_439,l_fbk,o_auto|https://ke-image.ljcdn.com/110000-inspection/72843ed2c49083754c80f826084fbaa8.png!m_fill,w_780,h_439,l_fbk,o_auto|https://ke-image.ljcdn.com/110000-inspection/f02674f6fcc3d148aff36db54d1578cb.png!m_fill,w_780,h_439,l_fbk,o_auto|https://ke-image.ljcdn.com/110000-inspection/2bac4f7f9676dada6bb09abc7ad654b5.png!m_fill,w_780,h_439,l_fbk,o_auto|https://ke-image.ljcdn.com/110000-inspection/1b30b844896e0e2ea5d87b3d0742fde8.png!m_fill,w_780,h_439,l_fbk,o_auto|https://ke-image.ljcdn.com/110000-inspection/1843fa644c8f41e1e4e83519e4020f2a.png!m_fill,w_780,h_439,l_fbk,o_auto",,"https://bj.zu.ke.com/ditiezufang/li43143633s46538455/rt200600000001l1l2/","1","2026/8/23 17:05:25"
"BJ2189934425268027392","整租·中和家园 2室1厅 南/北","7500","朝阳区","南沙滩","中和家园","72.38㎡","南 北","2室1厅1卫","中楼层 （6层）","官方核验|近地铁|精装|集中供暖","链家","2天前维护","https://bj.zu.ke.com/zufang/BJ2189934425268027392.html","https://ke-image.ljcdn.com/110000-inspection/pc1_wXcumQpAC.jpg!m_fill,w_250,h_182,l_fbk,o_auto","6","multi","https://ke-image.ljcdn.com/110000-inspection/pc0_hx3nCj6sT.jpg!m_fill,w_780,h_439,l_fbk,o_auto|https://ke-image.ljcdn.com/110000-inspection/pc0_EEDIedcUm.jpg!m_fill,w_780,h_439,l_fbk,o_auto|https://ke-image.ljcdn.com/110000-inspection/pc1_wXcumQpAC.jpg!m_fill,w_780,h_439,l_fbk,o_auto|https://ke-image.ljcdn.com/110000-inspection/pc0_wPh17dbwa.jpg!m_fill,w_780,h_439,l_fbk,o_auto|https://ke-image.ljcdn.com/110000-inspection/pc0_ZHN6ORrEH.jpg!m_fill,w_780,h_439,l_fbk,o_auto|https://ke-image.ljcdn.com/110000-inspection/pc0_ToY0fwu9O.jpg!m_fill,w_780,h_439,l_fbk,o_auto",,"https://bj.zu.ke.com/ditiezufang/li43143633s46538455/rt200600000001l1l2/","1","2026/8/23 17:05:25"
"BJ2192610393073909760","整租·中和家园 2室1厅 东","6900","朝阳区","南沙滩","中和家园","66.00㎡","东","2室1厅1卫","低楼层 （14层）","近地铁|精装|集中供暖","链家","1天前维护","https://bj.zu.ke.com/zufang/BJ2192610393073909760.html","https://ke-image.ljcdn.com/110000-inspection/pc1_qTF67wzcb.jpg!m_fill,w_250,h_182,l_fbk,o_auto","6","multi","https://ke-image.ljcdn.com/110000-inspection/pc0_E21ETrDwr.jpg!m_fill,w_780,h_439,l_fbk,o_auto|https://ke-image.ljcdn.com/110000-inspection/pc0_zPtx0vh03.jpg!m_fill,w_780,h_439,l_fbk,o_auto|https://ke-image.ljcdn.com/110000-inspection/pc1_qTF67wzcb.jpg!m_fill,w_780,h_439,l_fbk,o_auto|https://ke-image.ljcdn.com/110000-inspection/pc0_NKIoWNfrz.jpg!m_fill,w_780,h_439,l_fbk,o_auto|https://ke-image.ljcdn.com/110000-inspection/pc0_R6PjVDpao.jpg!m_fill,w_780,h_439,l_fbk,o_auto|https://ke-image.ljcdn.com/110000-inspection/pc0_Z3N9Ukoik.jpg!m_fill,w_780,h_439,l_fbk,o_auto",,"https://bj.zu.ke.com/ditiezufang/li43143633s46538455/rt200600000001l1l2/","1","2026/8/23 17:05:25"
"BJ2192593487667396608","整租·二里庄小区 2室1厅 南","7800","海淀区","二里庄","二里庄小区","53.70㎡","南","2室1厅1卫","中楼层 （6层）","近地铁|精装|集中供暖","链家",,"https://bj.zu.ke.com/zufang/BJ2192593487667396608.html","https://ke-image.ljcdn.com/110000-inspection/5b864458-a54b-4079-b2bf-4b8099711be1_1000.jpg!m_fill,w_250,h_182,l_fbk,o_auto","7","multi","https://ke-image.ljcdn.com/110000-inspection/9d9ead10-4fec-41b6-92f6-9ebf86008acf_1000.jpg!m_fill,w_780,h_439,l_fbk,o_auto|https://ke-image.ljcdn.com/110000-inspection/f854cf06-0f2d-434f-9e8b-5802a736efee_1000.jpg!m_fill,w_780,h_439,l_fbk,o_auto|https://ke-image.ljcdn.com/110000-inspection/10d24bc9-027b-4e44-8f5f-4de62b6c0d4d_1000.jpg!m_fill,w_780,h_439,l_fbk,o_auto|https://ke-image.ljcdn.com/110000-inspection/5b864458-a54b-4079-b2bf-4b8099711be1_1000.jpg!m_fill,w_780,h_439,l_fbk,o_auto|https://ke-image.ljcdn.com/110000-inspection/489b3bd5-6753-4817-ac3c-82a2230765fb_1000.jpg!m_fill,w_780,h_439,l_fbk,o_auto|https://ke-image.ljcdn.com/110000-inspection/e34182b5-c38f-40e8-a17a-9efe759329a9_1000.jpg!m_fill,w_780,h_439,l_fbk,o_auto|https://ke-image.ljcdn.com/110000-inspection/12c138ee-1b9a-4838-a469-06efa682ce50_1000.jpg!m_fill,w_780,h_439,l_fbk,o_auto",,"https://bj.zu.ke.com/ditiezufang/li43143633s46538455/rt200600000001l1l2/","1","2026/8/23 17:05:25"
"BJ2176738194941280256","整租·清华东路9号院 2室1厅 南/北","9500","海淀区","学院路","清华东路9号院","90.00㎡","南 北","2室1厅1卫","中楼层 （28层）","官方核验|近地铁|精装|集中供暖|随时看房","链家",,"https://bj.zu.ke.com/zufang/BJ2176738194941280256.html","https://ke-image.ljcdn.com/110000-inspection/pc1_mEuQOrfOb.jpg!m_fill,w_250,h_182,l_fbk,o_auto","9","multi","https://ke-image.ljcdn.com/110000-inspection/pc0_fy04im554.jpg!m_fill,w_780,h_439,l_fbk,o_auto|https://ke-image.ljcdn.com/110000-inspection/pc0_R6GDOGvMb.jpg!m_fill,w_780,h_439,l_fbk,o_auto|https://ke-image.ljcdn.com/110000-inspection/pc0_GUHL4RiJM.jpg!m_fill,w_780,h_439,l_fbk,o_auto|https://ke-image.ljcdn.com/110000-inspection/pc0_S6vH6YgtE.jpg!m_fill,w_780,h_439,l_fbk,o_auto|https://ke-image.ljcdn.com/110000-inspection/pc1_mEuQOrfOb.jpg!m_fill,w_780,h_439,l_fbk,o_auto|https://ke-image.ljcdn.com/110000-inspection/pc0_TPHqkfztJ.jpg!m_fill,w_780,h_439,l_fbk,o_auto|https://ke-image.ljcdn.com/110000-inspection/pc0_bY9NJshnv.jpg!m_fill,w_780,h_439,l_fbk,o_auto|https://ke-image.ljcdn.com/110000-inspection/pc0_AHQXfOqZO.jpg!m_fill,w_780,h_439,l_fbk,o_auto|https://ke-image.ljcdn.com/110000-inspection/pc0_6BpjpphP9.jpg!m_fill,w_780,h_439,l_fbk,o_auto",,"https://bj.zu.ke.com/ditiezufang/li43143633s46538455/rt200600000001l1l2/","1","2026/8/23 17:05:25"
"BJ2193580125172269056","整租·二里庄北里 2室1厅 南/北","7000","海淀区","二里庄","二里庄北里","60.00㎡","南 北","2室1厅1卫","高楼层 （6层）","近地铁|精装|集中供暖","链家","3天前维护","https://bj.zu.ke.com/zufang/BJ2193580125172269056.html","https://ke-image.ljcdn.com/110000-inspection/pc1_x3S0DSA1m.jpg!m_fill,w_250,h_182,l_fbk,o_auto","7","multi","https://ke-image.ljcdn.com/110000-inspection/pc0_pIeaiEywd.jpg!m_fill,w_780,h_439,l_fbk,o_auto|https://ke-image.ljcdn.com/110000-inspection/pc0_63AIgKj9T.jpg!m_fill,w_780,h_439,l_fbk,o_auto|https://ke-image.ljcdn.com/110000-inspection/pc1_x3S0DSA1m.jpg!m_fill,w_780,h_439,l_fbk,o_auto|https://ke-image.ljcdn.com/110000-inspection/pc0_O7oDC0PJf.jpg!m_fill,w_780,h_439,l_fbk,o_auto|https://ke-image.ljcdn.com/110000-inspection/pc0_aCcSIhdpd.jpg!m_fill,w_780,h_439,l_fbk,o_auto|https://ke-image.ljcdn.com/110000-inspection/pc0_YMNbEsPAc.jpg!m_fill,w_780,h_439,l_fbk,o_auto|https://ke-image.ljcdn.com/110000-inspection/pc0_UkBq6f38r.jpg!m_fill,w_780,h_439,l_fbk,o_auto",,"https://bj.zu.ke.com/ditiezufang/li43143633s46538455/rt200600000001l1l2/","1","2026/8/23 17:05:25"
"BJ2080251014019022848","整租·二里庄北里 2室1厅 南/北","6500","海淀区","二里庄","二里庄北里","57.80㎡","南 北","2室1厅1卫","低楼层 （6层）","官方核验|近地铁|集中供暖","链家",,"https://bj.zu.ke.com/zufang/BJ2080251014019022848.html","https://ke-image.ljcdn.com/110000-inspection/pc1_wyy40ipoW.jpg!m_fill,w_250,h_182,l_fbk,o_auto","9","multi","https://ke-image.ljcdn.com/110000-inspection/pc1_wyy40ipoW.jpg!m_fill,w_780,h_439,l_fbk,o_auto|https://ke-image.ljcdn.com/110000-inspection/pc0_eG0Gf7Gdb.jpg!m_fill,w_780,h_439,l_fbk,o_auto|https://ke-image.ljcdn.com/110000-inspection/pc0_4zOOqDc0f.jpg!m_fill,w_780,h_439,l_fbk,o_auto|https://ke-image.ljcdn.com/110000-inspection/pc0_YoiXlGgSA.jpg!m_fill,w_780,h_439,l_fbk,o_auto|https://ke-image.ljcdn.com/110000-inspection/pc0_E8wl3MKhS.jpg!m_fill,w_780,h_439,l_fbk,o_auto|https://ke-image.ljcdn.com/110000-inspection/pc0_fwKWsdYyV.jpg!m_fill,w_780,h_439,l_fbk,o_auto|https://ke-image.ljcdn.com/110000-inspection/pc0_EDJ5MuRnT.jpg!m_fill,w_780,h_439,l_fbk,o_auto|https://ke-image.ljcdn.com/110000-inspection/pc0_iJd0iuODf.jpg!m_fill,w_780,h_439,l_fbk,o_auto|https://ke-image.ljcdn.com/110000-inspection/pc0_1lpmxtmsQ.jpg!m_fill,w_780,h_439,l_fbk,o_auto",,"https://bj.zu.ke.com/ditiezufang/li43143633s46538455/rt200600000001l1l2/","1","2026/8/23 17:05:25"
"BJ2170072953629179904","整租·南沙滩小区 2室1厅 南/西/北","7200","朝阳区","南沙滩","南沙滩小区","55.00㎡","南 西 北","2室1厅1卫","高楼层 （10层）","官方核验|近地铁|精装|集中供暖|随时看房","链家","3天前维护","https://bj.zu.ke.com/zufang/BJ2170072953629179904.html","https://ke-image.ljcdn.com/110000-inspection/pc1_PErn6DN6o.jpg!m_fill,w_250,h_182,l_fbk,o_auto","6","multi","https://ke-image.ljcdn.com/110000-inspection/pc1_PErn6DN6o.jpg!m_fill,w_780,h_439,l_fbk,o_auto|https://ke-image.ljcdn.com/110000-inspection/pc0_A3O6Mp1sr.jpg!m_fill,w_780,h_439,l_fbk,o_auto|https://ke-image.ljcdn.com/110000-inspection/pc0_VQgAXsSnq.jpg!m_fill,w_780,h_439,l_fbk,o_auto|https://ke-image.ljcdn.com/110000-inspection/pc0_HacXC7DuM.jpg!m_fill,w_780,h_439,l_fbk,o_auto|https://ke-image.ljcdn.com/110000-inspection/pc0_fSIAyO83O.jpg!m_fill,w_780,h_439,l_fbk,o_auto|https://ke-image.ljcdn.com/110000-inspection/pc0_B2ju6oS13.jpg!m_fill,w_780,h_439,l_fbk,o_auto",,"https://bj.zu.ke.com/ditiezufang/li43143633s46538455/rt200600000001l1l2/","1","2026/8/23 17:05:25"
"BJ2192268674050555904","整租·华源冠军城 2室1厅 南","8300","朝阳区","南沙滩","华源冠军城","104.00㎡","南","2室1厅2卫","中楼层 （23层）","近地铁|集中供暖|双卫生间|随时看房","链家",,"https://bj.zu.ke.com/zufang/BJ2192268674050555904.html","https://ke-image.ljcdn.com/110000-inspection/pc1_1f4LOqh3J.jpg!m_fill,w_250,h_182,l_fbk,o_auto","8","multi","https://ke-image.ljcdn.com/110000-inspection/pc0_QUcahZsrJ.jpg!m_fill,w_780,h_439,l_fbk,o_auto|https://ke-image.ljcdn.com/110000-inspection/pc0_FCu2UPRC5.jpg!m_fill,w_780,h_439,l_fbk,o_auto|https://ke-image.ljcdn.com/110000-inspection/pc1_1f4LOqh3J.jpg!m_fill,w_780,h_439,l_fbk,o_auto|https://ke-image.ljcdn.com/110000-inspection/pc0_TpidOyqST.jpg!m_fill,w_780,h_439,l_fbk,o_auto|https://ke-image.ljcdn.com/110000-inspection/pc0_xzgC6ImL2.jpg!m_fill,w_780,h_439,l_fbk,o_auto|https://ke-image.ljcdn.com/110000-inspection/pc0_AGIqZi3lH.jpg!m_fill,w_780,h_439,l_fbk,o_auto|https://ke-image.ljcdn.com/110000-inspection/pc0_25PjUXf6F.jpg!m_fill,w_780,h_439,l_fbk,o_auto|https://ke-image.ljcdn.com/110000-inspection/pc0_k6R4yHokC.jpg!m_fill,w_780,h_439,l_fbk,o_auto",,"https://bj.zu.ke.com/ditiezufang/li43143633s46538455/rt200600000001l1l2/","1","2026/8/23 17:05:25"
"BJ2192601293845954560","整租·南沙滩小区 2室1厅 南","6800","朝阳区","南沙滩","南沙滩小区","56.61㎡","南","2室1厅1卫","高楼层 （6层）","近地铁|集中供暖","链家",,"https://bj.zu.ke.com/zufang/BJ2192601293845954560.html","https://ke-image.ljcdn.com/110000-inspection/pc1_VlmqZCT3c_1.jpg!m_fill,w_250,h_182,l_fbk,o_auto","7","multi","https://ke-image.ljcdn.com/110000-inspection/pc0_DWT6C2uIU_1.jpg!m_fill,w_780,h_439,l_fbk,o_auto|https://ke-image.ljcdn.com/110000-inspection/pc0_OVKM2ztxn_1.jpg!m_fill,w_780,h_439,l_fbk,o_auto|https://ke-image.ljcdn.com/110000-inspection/pc1_VlmqZCT3c_1.jpg!m_fill,w_780,h_439,l_fbk,o_auto|https://ke-image.ljcdn.com/110000-inspection/pc0_gdAkXjqRT_1.jpg!m_fill,w_780,h_439,l_fbk,o_auto|https://ke-image.ljcdn.com/110000-inspection/pc0_GLNHRTyhZ_1.jpg!m_fill,w_780,h_439,l_fbk,o_auto|https://ke-image.ljcdn.com/110000-inspection/pc0_pMkG0Ffz2.jpg!m_fill,w_780,h_439,l_fbk,o_auto|https://ke-image.ljcdn.com/110000-inspection/pc0_1OfoFY6pb.jpg!m_fill,w_780,h_439,l_fbk,o_auto",,"https://bj.zu.ke.com/ditiezufang/li43143633s46538455/rt200600000001l1l2/","1","2026/8/23 17:05:25"
"BJ2197630146532343808","整租·天和人家 2室1厅 西南","9000","朝阳区","南沙滩","天和人家","92.24㎡","西南","2室1厅1卫","中楼层 （18层）","近地铁|精装|集中供暖","链家",,"https://bj.zu.ke.com/zufang/BJ2197630146532343808.html","https://ke-image.ljcdn.com/110000-inspection/pc1_OF3czAoqV.jpg!m_fill,w_250,h_182,l_fbk,o_auto","6","multi","https://ke-image.ljcdn.com/110000-inspection/pc0_erjcXTLRJ.jpg!m_fill,w_780,h_439,l_fbk,o_auto|https://ke-image.ljcdn.com/110000-inspection/pc0_YADYZmFZt.jpg!m_fill,w_780,h_439,l_fbk,o_auto|https://ke-image.ljcdn.com/110000-inspection/pc0_OC4ty2Nvr.jpg!m_fill,w_780,h_439,l_fbk,o_auto|https://ke-image.ljcdn.com/110000-inspection/pc1_OF3czAoqV.jpg!m_fill,w_780,h_439,l_fbk,o_auto|https://ke-image.ljcdn.com/110000-inspection/pc0_AqNcP6f64.jpg!m_fill,w_780,h_439,l_fbk,o_auto|https://ke-image.ljcdn.com/110000-inspection/pc0_5Cm1yuTgL.jpg!m_fill,w_780,h_439,l_fbk,o_auto",,"https://bj.zu.ke.com/ditiezufang/li43143633s46538455/rt200600000001l1l2/","1","2026/8/23 17:05:25"
"BJ2187409387654479872","整租·中和家园 2室1厅 东南","7500","朝阳区","南沙滩","中和家园","72.38㎡","东南","2室1厅1卫","低楼层 （6层）","近地铁|精装|集中供暖","链家","2天前维护","https://bj.zu.ke.com/zufang/BJ2187409387654479872.html","https://ke-image.ljcdn.com/110000-inspection/pc1_dDowYu02z.jpg!m_fill,w_250,h_182,l_fbk,o_auto","7","multi","https://ke-image.ljcdn.com/110000-inspection/pc0_i1kWjJ2EN.jpg!m_fill,w_780,h_439,l_fbk,o_auto|https://ke-image.ljcdn.com/110000-inspection/pc0_zCkpLoVia.jpg!m_fill,w_780,h_439,l_fbk,o_auto|https://ke-image.ljcdn.com/110000-inspection/pc1_dDowYu02z.jpg!m_fill,w_780,h_439,l_fbk,o_auto|https://ke-image.ljcdn.com/110000-inspection/pc0_5fX6sbAmF.jpg!m_fill,w_780,h_439,l_fbk,o_auto|https://ke-image.ljcdn.com/110000-inspection/pc0_siv8d4dd4.jpg!m_fill,w_780,h_439,l_fbk,o_auto|https://ke-image.ljcdn.com/110000-inspection/pc0_tXY4NkFDP.jpg!m_fill,w_780,h_439,l_fbk,o_auto|https://ke-image.ljcdn.com/110000-inspection/pc0_4GsWbfzK4.jpg!m_fill,w_780,h_439,l_fbk,o_auto",,"https://bj.zu.ke.com/ditiezufang/li43143633s46538455/rt200600000001l1l2/","1","2026/8/23 17:05:25"
"BJ2199221218597404672","整租·中和家园 3室1厅 东/西","10500","朝阳区","南沙滩","中和家园","114.45㎡","东 西","3室1厅1卫","高楼层 （14层）","近地铁|精装|集中供暖","链家",,"https://bj.zu.ke.com/zufang/BJ2199221218597404672.html","https://ke-image.ljcdn.com/110000-inspection/pc1_mag27yj3o.jpg!m_fill,w_250,h_182,l_fbk,o_auto","8","multi","https://ke-image.ljcdn.com/110000-inspection/pc1_mag27yj3o.jpg!m_fill,w_780,h_439,l_fbk,o_auto|https://ke-image.ljcdn.com/110000-inspection/pc0_2PgcvEWbt.jpg!m_fill,w_780,h_439,l_fbk,o_auto|https://ke-image.ljcdn.com/110000-inspection/pc0_uK2QVbc0C.jpg!m_fill,w_780,h_439,l_fbk,o_auto|https://ke-image.ljcdn.com/110000-inspection/pc0_UvrJ6kw4B.jpg!m_fill,w_780,h_439,l_fbk,o_auto|https://ke-image.ljcdn.com/110000-inspection/pc0_BMIoAw5Xj.jpg!m_fill,w_780,h_439,l_fbk,o_auto|https://ke-image.ljcdn.com/110000-inspection/pc0_dhWKTy3Mf.jpg!m_fill,w_780,h_439,l_fbk,o_auto|https://ke-image.ljcdn.com/110000-inspection/pc0_HqHVIFQbd.jpg!m_fill,w_780,h_439,l_fbk,o_auto|https://ke-image.ljcdn.com/110000-inspection/pc0_Jlu1tcaxW.jpg!m_fill,w_780,h_439,l_fbk,o_auto",,"https://bj.zu.ke.com/ditiezufang/li43143633s46538455/rt200600000001l1l2/","1","2026/8/23 17:05:25"
"BJ2179454050423013376","整租·中和家园 2室1厅 东","7000","朝阳区","南沙滩","中和家园","66.00㎡","东","2室1厅1卫","中楼层 （14层）","近地铁|集中供暖","链家","1天前维护","https://bj.zu.ke.com/zufang/BJ2179454050423013376.html","https://ke-image.ljcdn.com/110000-inspection/pc1_mRoimhxH8.jpg!m_fill,w_250,h_182,l_fbk,o_auto","6","multi","https://ke-image.ljcdn.com/110000-inspection/pc1_mRoimhxH8.jpg!m_fill,w_780,h_439,l_fbk,o_auto|https://ke-image.ljcdn.com/110000-inspection/pc0_ui4vgJcgq.jpg!m_fill,w_780,h_439,l_fbk,o_auto|https://ke-image.ljcdn.com/110000-inspection/pc0_7nxhGjuFB.jpg!m_fill,w_780,h_439,l_fbk,o_auto|https://ke-image.ljcdn.com/110000-inspection/pc0_nm6v13Dec.jpg!m_fill,w_780,h_439,l_fbk,o_auto|https://ke-image.ljcdn.com/110000-inspection/pc0_oxJNEMX3J.jpg!m_fill,w_780,h_439,l_fbk,o_auto|https://ke-image.ljcdn.com/110000-inspection/pc0_EWGMOD21M.jpg!m_fill,w_780,h_439,l_fbk,o_auto",,"https://bj.zu.ke.com/ditiezufang/li43143633s46538455/pg2rt200600000001l1l2/","2","2026/8/23 17:05:27"
"BJ2184976033671806976","整租·石油大院 2室1厅 南","6900","海淀区","二里庄","石油大院","55.00㎡","南","2室1厅1卫","高楼层 （6层）","近地铁|集中供暖|随时看房","链家",,"https://bj.zu.ke.com/zufang/BJ2184976033671806976.html","https://ke-image.ljcdn.com/110000-inspection/pc1_wHt8mmDu2.jpg!m_fill,w_250,h_182,l_fbk,o_auto","7","multi","https://ke-image.ljcdn.com/110000-inspection/pc1_wHt8mmDu2.jpg!m_fill,w_780,h_439,l_fbk,o_auto|https://ke-image.ljcdn.com/110000-inspection/pc0_vutkiO8vf.jpg!m_fill,w_780,h_439,l_fbk,o_auto|https://ke-image.ljcdn.com/110000-inspection/pc0_t5TNGcrn4.jpg!m_fill,w_780,h_439,l_fbk,o_auto|https://ke-image.ljcdn.com/110000-inspection/pc0_K9ppxq19o.jpg!m_fill,w_780,h_439,l_fbk,o_auto|https://ke-image.ljcdn.com/110000-inspection/pc0_G9rDQLEyQ.jpg!m_fill,w_780,h_439,l_fbk,o_auto|https://ke-image.ljcdn.com/110000-inspection/pc0_dCZm64AMq.jpg!m_fill,w_780,h_439,l_fbk,o_auto|https://ke-image.ljcdn.com/110000-inspection/pc0_BblM2rZtP.jpg!m_fill,w_780,h_439,l_fbk,o_auto",,"https://bj.zu.ke.com/ditiezufang/li43143633s46538455/pg2rt200600000001l1l2/","2","2026/8/23 17:05:27"
"BJ2098386254553939968","整租·北沙滩小区 2室1厅 西北","5300","朝阳区","奥林匹克公园","北沙滩小区","51.00㎡","西北","2室1厅1卫","低楼层 （6层）","自营|近地铁|精装|集中供暖|押一付一|随时看房","贝壳优选","今天维护","https://bj.zu.ke.com/zufang/BJ2098386254553939968.html","https://ke-image.ljcdn.com/lease-image/house/24ced045-4f58-4194-97b7-a2e0abf5a66f.jpg.250x182.jpg","6","multi","https://ke-image.ljcdn.com/lease-image/house/24ced045-4f58-4194-97b7-a2e0abf5a66f.jpg.780x439.jpg|https://ke-image.ljcdn.com/lease-image/house/ea66eb14-0a1c-4015-bbe9-86cb5d53772e.jpg.780x439.jpg|https://ke-image.ljcdn.com/lease-image/house/096a75f4-e6ff-4f83-86a6-ca1d8b6139c9.jpg.780x439.jpg|https://ke-image.ljcdn.com/lease-image/house/76a067a6-b666-44b5-a43b-f924116677e7.jpg.780x439.jpg|https://ke-image.ljcdn.com/lease-image/house/b3630806-5276-4a38-87e3-fc76065c6018.jpg.780x439.jpg|https://ke-image.ljcdn.com/lease-image/house/be0b52b0-87a2-4e3b-9c29-6d3be236a12c.jpg.780x439.jpg",,"https://bj.zu.ke.com/ditiezufang/li43143633s46538455/pg2rt200600000001l1l2/","2","2026/8/23 17:05:27"
"BJ2183043643613380608","整租·北沙滩小区 2室1厅 南/北","9300","朝阳区","奥林匹克公园","北沙滩小区","111.27㎡","南 北","2室1厅1卫","高楼层 （6层）","近地铁|精装|集中供暖|随时看房","链家","1天前维护","https://bj.zu.ke.com/zufang/BJ2183043643613380608.html","https://ke-image.ljcdn.com/110000-inspection/pc1_WOirqG6RE.jpg!m_fill,w_250,h_182,l_fbk,o_auto","6","multi","https://ke-image.ljcdn.com/110000-inspection/pc0_PdCORfyCR.jpg!m_fill,w_780,h_439,l_fbk,o_auto|https://ke-image.ljcdn.com/110000-inspection/pc0_8Bdh2mX9q.jpg!m_fill,w_780,h_439,l_fbk,o_auto|https://ke-image.ljcdn.com/110000-inspection/pc1_WOirqG6RE.jpg!m_fill,w_780,h_439,l_fbk,o_auto|https://ke-image.ljcdn.com/110000-inspection/pc0_noQyWFj87.jpg!m_fill,w_780,h_439,l_fbk,o_auto|https://ke-image.ljcdn.com/110000-inspection/pc0_PCLXLjvxG.jpg!m_fill,w_780,h_439,l_fbk,o_auto|https://ke-image.ljcdn.com/110000-inspection/pc0_r0Mr2Eyo8.jpg!m_fill,w_780,h_439,l_fbk,o_auto",,"https://bj.zu.ke.com/ditiezufang/li43143633s46538455/pg2rt200600000001l1l2/","2","2026/8/23 17:05:27"
"BJ2198032333502676992","整租·北沙滩小区 3室2厅 南/北","9300","朝阳区","奥林匹克公园","北沙滩小区","103.00㎡","南 北","3室2厅1卫","高楼层 （6层）","近地铁|集中供暖","链家",,"https://bj.zu.ke.com/zufang/BJ2198032333502676992.html","https://ke-image.ljcdn.com/110000-inspection/pc1_3U2uLu1lb.jpg!m_fill,w_250,h_182,l_fbk,o_auto","10","multi","https://ke-image.ljcdn.com/110000-inspection/pc0_pOffgjeTp.jpg!m_fill,w_780,h_439,l_fbk,o_auto|https://ke-image.ljcdn.com/110000-inspection/pc0_1kzzVkXTz.jpg!m_fill,w_780,h_439,l_fbk,o_auto|https://ke-image.ljcdn.com/110000-inspection/pc0_sPBSDjaVt.jpg!m_fill,w_780,h_439,l_fbk,o_auto|https://ke-image.ljcdn.com/110000-inspection/pc1_3U2uLu1lb.jpg!m_fill,w_780,h_439,l_fbk,o_auto|https://ke-image.ljcdn.com/110000-inspection/pc0_IjqkAT3zi.jpg!m_fill,w_780,h_439,l_fbk,o_auto|https://ke-image.ljcdn.com/110000-inspection/pc0_FSmtO77Rl.jpg!m_fill,w_780,h_439,l_fbk,o_auto|https://ke-image.ljcdn.com/110000-inspection/pc0_7vRa0e7IQ.jpg!m_fill,w_780,h_439,l_fbk,o_auto|https://ke-image.ljcdn.com/110000-inspection/pc0_TvvWchveC.jpg!m_fill,w_780,h_439,l_fbk,o_auto|https://ke-image.ljcdn.com/110000-inspection/pc0_Rkh6e42bV.jpg!m_fill,w_780,h_439,l_fbk,o_auto|https://ke-image.ljcdn.com/110000-inspection/pc0_pEeWRXQ2v.jpg!m_fill,w_780,h_439,l_fbk,o_auto",,"https://bj.zu.ke.com/ditiezufang/li43143633s46538455/pg2rt200600000001l1l2/","2","2026/8/23 17:05:27"
"BJ1790615928593973248","整租·天和人家 2室1厅 南/北","9500","朝阳区","南沙滩","天和人家","128.59㎡","南 北","2室1厅1卫","低楼层 （24层）","自营|近地铁|精装|集中供暖|押一付一|随时看房","贝壳优选","今天维护","https://bj.zu.ke.com/zufang/BJ1790615928593973248.html","https://ke-image.ljcdn.com/lease-image/house/2be684d2-58a3-4353-93ce-8c48e77f102e.jpg.250x182.jpg","7","multi","https://ke-image.ljcdn.com/lease-image/house/572021b9-2833-41e9-8d1e-ca9af3dc6d97.jpg.780x439.jpg|https://ke-image.ljcdn.com/lease-image/house/5c015515-3d8b-45bf-8263-97e7d97657d7.jpg.780x439.jpg|https://ke-image.ljcdn.com/lease-image/house/2be684d2-58a3-4353-93ce-8c48e77f102e.jpg.780x439.jpg|https://ke-image.ljcdn.com/lease-image/house/bca652e9-3f5e-4c9d-80dd-566abb7c6192.jpg.780x439.jpg|https://ke-image.ljcdn.com/lease-image/house/49c493e3-438a-425d-bd14-02317ca9e897.jpg.780x439.jpg|https://ke-image.ljcdn.com/lease-image/house/3eb6e421-8d69-44d0-939f-2d0760c15766.jpg.780x439.jpg|https://ke-image.ljcdn.com/lease-image/house/dd052116-d939-435c-9604-a7c23aba5923.png.780x439.jpg",,"https://bj.zu.ke.com/ditiezufang/li43143633s46538455/pg2rt200600000001l1l2/","2","2026/8/23 17:05:27"
"BJ2187765291478417408","整租·北沙滩小区 2室1厅 东","10000","朝阳区","奥林匹克公园","北沙滩小区","99.00㎡","东","2室1厅1卫","中楼层 （11层）","近地铁|精装|集中供暖","链家",,"https://bj.zu.ke.com/zufang/BJ2187765291478417408.html","https://ke-image.ljcdn.com/110000-inspection/pc1_sHmhrXdPd.jpg!m_fill,w_250,h_182,l_fbk,o_auto","11","multi","https://ke-image.ljcdn.com/110000-inspection/5965c4921e44ba6eb4b9529232a31c11.jpg!m_fill,w_780,h_439,l_fbk,o_auto|https://ke-image.ljcdn.com/110000-inspection/3ab352d8fcaf8aa182de6d92121b2021.jpg!m_fill,w_780,h_439,l_fbk,o_auto|https://ke-image.ljcdn.com/110000-inspection/pc1_sHmhrXdPd.jpg!m_fill,w_780,h_439,l_fbk,o_auto|https://ke-image.ljcdn.com/110000-inspection/204dec1a13543e8b8c1c58f588f40455.jpg!m_fill,w_780,h_439,l_fbk,o_auto|https://ke-image.ljcdn.com/110000-inspection/47b1939a1fce65f753b68b6ac12927da.jpg!m_fill,w_780,h_439,l_fbk,o_auto|https://ke-image.ljcdn.com/110000-inspection/444af6a85e8d4e0929654938e472c11b.jpg!m_fill,w_780,h_439,l_fbk,o_auto|https://ke-image.ljcdn.com/110000-inspection/7d6d22d1084932eea5faa95ea11fd410.jpg!m_fill,w_780,h_439,l_fbk,o_auto|https://ke-image.ljcdn.com/110000-inspection/920246505e3967759de2291c1cf367fc.jpg!m_fill,w_780,h_439,l_fbk,o_auto|https://ke-image.ljcdn.com/110000-inspection/bd93f6da992240692000b533178a47fb.jpg!m_fill,w_780,h_439,l_fbk,o_auto|https://ke-image.ljcdn.com/110000-inspection/8e609b8336ce787b5913f78215797675.jpg!m_fill,w_780,h_439,l_fbk,o_auto|https://ke-image.ljcdn.com/110000-inspection/4e8ad75e91cb5bdcb07589b90e72a9fd.jpg!m_fill,w_780,h_439,l_fbk,o_auto",,"https://bj.zu.ke.com/ditiezufang/li43143633s46538455/pg2rt200600000001l1l2/","2","2026/8/23 17:05:27"
"BJ1758367273539600384","整租·南沙滩小区 2室1厅 南/北","6000","朝阳区","南沙滩","南沙滩小区","59.67㎡","南 北","2室1厅1卫","高楼层 （6层）","自营|近地铁|集中供暖|押一付一|随时看房","贝壳优选","今天维护","https://bj.zu.ke.com/zufang/BJ1758367273539600384.html","https://ke-image.ljcdn.com/lease-image/house/7c7050d967ff03d2649022f3e998ecba.jpeg.250x182.jpg","8","multi","https://ke-image.ljcdn.com/lease-image/house/7c7050d967ff03d2649022f3e998ecba.jpeg.780x439.jpg|https://ke-image.ljcdn.com/lease-image/house/269eb8d818264db1b96ec2965e3603fa.jpeg.780x439.jpg|https://ke-image.ljcdn.com/lease-image/house/550a3a0b3ebb73db7f713ee16953cbff.jpeg.780x439.jpg|https://ke-image.ljcdn.com/lease-image/house/f385b8e509d4d65ab14f31ab39095e85.jpeg.780x439.jpg|https://ke-image.ljcdn.com/lease-image/house/5df9c2b70bf19b178af17846189a9864.jpeg.780x439.jpg|https://ke-image.ljcdn.com/lease-image/house/b880e00320d7e5d6497d574722111d84.jpeg.780x439.jpg|https://ke-image.ljcdn.com/lease-image/house/2de1121ffb926c8ff539953df361a4a8.jpeg.780x439.jpg|https://ke-image.ljcdn.com/lease-image/house/50bc6ad2358ae5265f39259620098faf.jpeg.780x439.jpg",,"https://bj.zu.ke.com/ditiezufang/li43143633s46538455/pg2rt200600000001l1l2/","2","2026/8/23 17:05:27"
"BJ2198753693547888640","整租·北沙滩小区 2室1厅 南","7000","朝阳区","奥林匹克公园","北沙滩小区","51.16㎡","南","2室1厅1卫","中楼层 （5层）","近地铁|精装|集中供暖|随时看房","链家",,"https://bj.zu.ke.com/zufang/BJ2198753693547888640.html","https://ke-image.ljcdn.com/110000-inspection/pc1_HAAGe2ax5.jpg!m_fill,w_250,h_182,l_fbk,o_auto","11","multi","https://ke-image.ljcdn.com/110000-inspection/pc1_HAAGe2ax5.jpg!m_fill,w_780,h_439,l_fbk,o_auto|https://ke-image.ljcdn.com/110000-inspection/pc0_9uzqUU1m3.jpg!m_fill,w_780,h_439,l_fbk,o_auto|https://ke-image.ljcdn.com/110000-inspection/pc0_wBqCOG4uE.jpg!m_fill,w_780,h_439,l_fbk,o_auto|https://ke-image.ljcdn.com/110000-inspection/pc0_4uJNciVjC.jpg!m_fill,w_780,h_439,l_fbk,o_auto|https://ke-image.ljcdn.com/110000-inspection/pc0_GHIpaNTDY.jpg!m_fill,w_780,h_439,l_fbk,o_auto|https://ke-image.ljcdn.com/110000-inspection/pc0_1JTBTD2Qt.jpg!m_fill,w_780,h_439,l_fbk,o_auto|https://ke-image.ljcdn.com/110000-inspection/pc0_7VIZFKkgx.jpg!m_fill,w_780,h_439,l_fbk,o_auto|https://ke-image.ljcdn.com/110000-inspection/pc0_2nNU5teRK.jpg!m_fill,w_780,h_439,l_fbk,o_auto|https://ke-image.ljcdn.com/110000-inspection/pc0_qeOVfRrx6.jpg!m_fill,w_780,h_439,l_fbk,o_auto|https://ke-image.ljcdn.com/110000-inspection/pc0_wvCWDQ5k1.jpg!m_fill,w_780,h_439,l_fbk,o_auto|https://ke-image.ljcdn.com/110000-inspection/pc0_14txHleFd.jpg!m_fill,w_780,h_439,l_fbk,o_auto",,"https://bj.zu.ke.com/ditiezufang/li43143633s46538455/pg2rt200600000001l1l2/","2","2026/8/23 17:05:27"
"BJ2183119988431257600","整租·石油大院 3室1厅 南/北","16500","海淀区","二里庄","石油大院","118.00㎡","南 北","3室1厅1卫","低楼层 （14层）","近地铁|精装|集中供暖","链家",,"https://bj.zu.ke.com/zufang/BJ2183119988431257600.html","https://ke-image.ljcdn.com/110000-inspection/b544f60c-c72a-499b-8086-30693a911d12.jpg!m_fill,w_250,h_182,l_fbk,o_auto","7","multi","https://ke-image.ljcdn.com/110000-inspection/6e3acdc2-08b2-4714-bca3-c8cb4d6108c0.jpg!m_fill,w_780,h_439,l_fbk,o_auto|https://ke-image.ljcdn.com/110000-inspection/ca73d2c7-669a-40c5-bd2d-c9732eb8238c.jpg!m_fill,w_780,h_439,l_fbk,o_auto|https://ke-image.ljcdn.com/110000-inspection/b4612196-81cf-4f36-bd8b-9d5553d47b4d.jpg!m_fill,w_780,h_439,l_fbk,o_auto|https://ke-image.ljcdn.com/110000-inspection/b544f60c-c72a-499b-8086-30693a911d12.jpg!m_fill,w_780,h_439,l_fbk,o_auto|https://ke-image.ljcdn.com/110000-inspection/fd656fa2-ad71-4272-9941-4f4cac4a64ed.jpg!m_fill,w_780,h_439,l_fbk,o_auto|https://ke-image.ljcdn.com/110000-inspection/033d649f-a68a-4bd3-9340-7a40aa934886.jpg!m_fill,w_780,h_439,l_fbk,o_auto|https://ke-image.ljcdn.com/110000-inspection/deb942c2-0a1c-42e4-851e-be8935e6f0ab.jpg!m_fill,w_780,h_439,l_fbk,o_auto",,"https://bj.zu.ke.com/ditiezufang/li43143633s46538455/pg2rt200600000001l1l2/","2","2026/8/23 17:05:27"
"BJ2179910077475979264","整租·南沙滩小区 2室1厅 南","6800","朝阳区","南沙滩","南沙滩小区","60.07㎡","南","2室1厅1卫","高楼层 （6层）","近地铁|集中供暖","链家",,"https://bj.zu.ke.com/zufang/BJ2179910077475979264.html","https://ke-image.ljcdn.com/110000-inspection/pc1_wQBhbM1vD.jpg!m_fill,w_250,h_182,l_fbk,o_auto","6","multi","https://ke-image.ljcdn.com/110000-inspection/pc1_wQBhbM1vD.jpg!m_fill,w_780,h_439,l_fbk,o_auto|https://ke-image.ljcdn.com/110000-inspection/pc0_cn8ThfZxe.jpg!m_fill,w_780,h_439,l_fbk,o_auto|https://ke-image.ljcdn.com/110000-inspection/pc0_IeZJbmZiJ.jpg!m_fill,w_780,h_439,l_fbk,o_auto|https://ke-image.ljcdn.com/110000-inspection/pc0_K8RTbROEC.jpg!m_fill,w_780,h_439,l_fbk,o_auto|https://ke-image.ljcdn.com/110000-inspection/pc0_ZG4ydpzqM.jpg!m_fill,w_780,h_439,l_fbk,o_auto|https://ke-image.ljcdn.com/110000-inspection/pc0_J37qM5RWk.jpg!m_fill,w_780,h_439,l_fbk,o_auto",,"https://bj.zu.ke.com/ditiezufang/li43143633s46538455/pg2rt200600000001l1l2/","2","2026/8/23 17:05:27"
"BJ2190314114474049536","整租·南沙滩小区 3室1厅 东/北","9500","朝阳区","南沙滩","南沙滩小区","115.38㎡","东 北","3室1厅1卫","高楼层 （22层）","近地铁|精装|集中供暖|随时看房","链家","2天前维护","https://bj.zu.ke.com/zufang/BJ2190314114474049536.html","https://s1.ljcdn.com/matrix_pc/dist/pc/src/resource/default/250-182_1.png?_v=20260812154717866","0","none_or_single","",,"https://bj.zu.ke.com/ditiezufang/li43143633s46538455/pg2rt200600000001l1l2/","2","2026/8/23 17:05:27"
"BJ2177608704411566080","整租·华源冠军城 3室1厅 东南/北","19000","朝阳区","南沙滩","华源冠军城","181.42㎡","东南 北","3室1厅2卫","高楼层 （23层）","近地铁|精装|集中供暖|双卫生间","链家","2天前维护","https://bj.zu.ke.com/zufang/BJ2177608704411566080.html","https://ke-image.ljcdn.com/110000-inspection/pc1_cx86n4e4p.jpg!m_fill,w_250,h_182,l_fbk,o_auto","10","multi","https://ke-image.ljcdn.com/110000-inspection/pc1_cx86n4e4p.jpg!m_fill,w_780,h_439,l_fbk,o_auto|https://ke-image.ljcdn.com/110000-inspection/17843722180_3JZG1VKxV.jpg!m_fill,w_780,h_439,l_fbk,o_auto|https://ke-image.ljcdn.com/110000-inspection/17843722220_jMSHfDvPS.jpg!m_fill,w_780,h_439,l_fbk,o_auto|https://ke-image.ljcdn.com/110000-inspection/17843722260_EsacEAwDU.jpg!m_fill,w_780,h_439,l_fbk,o_auto|https://ke-image.ljcdn.com/110000-inspection/17843722370_trJa2bANc.jpg!m_fill,w_780,h_439,l_fbk,o_auto|https://ke-image.ljcdn.com/110000-inspection/17843722070_bWaTFMtjZ.jpg!m_fill,w_780,h_439,l_fbk,o_auto|https://ke-image.ljcdn.com/110000-inspection/17843722080_R4Tupbh9z.jpg!m_fill,w_780,h_439,l_fbk,o_auto|https://ke-image.ljcdn.com/110000-inspection/17843722450_rEznYF7jS.jpg!m_fill,w_780,h_439,l_fbk,o_auto|https://ke-image.ljcdn.com/110000-inspection/17843722520_HE8FNbDwD.jpg!m_fill,w_780,h_439,l_fbk,o_auto|https://ke-image.ljcdn.com/110000-inspection/17843722650_FXIjr2Z58.jpg!m_fill,w_780,h_439,l_fbk,o_auto",,"https://bj.zu.ke.com/ditiezufang/li43143633s46538455/pg2rt200600000001l1l2/","2","2026/8/23 17:05:27"
"BJ2202075881726279680","整租·石油大院 3室1厅 南/北","16000","海淀区","二里庄","石油大院","119.47㎡","南 北","3室1厅1卫","低楼层 （14层）","新上|近地铁|精装|集中供暖|随时看房","即刻租","2天前维护","https://bj.zu.ke.com/zufang/BJ2202075881726279680.html","https://ke-image.ljcdn.com/110000-inspection/pc0_6mgmryGHj.jpg!m_fill,w_250,h_182,l_fbk,o_auto","8","multi","https://ke-image.ljcdn.com/110000-inspection/pc0_6mgmryGHj.jpg!m_fill,w_780,h_439,l_fbk,o_auto|https://ke-image.ljcdn.com/110000-inspection/pc0_t5r1d5Lyr.jpg!m_fill,w_780,h_439,l_fbk,o_auto|https://ke-image.ljcdn.com/110000-inspection/pc0_Vl5D6cHJi.jpg!m_fill,w_780,h_439,l_fbk,o_auto|https://ke-image.ljcdn.com/110000-inspection/pc1_tpgGYluXt.jpg!m_fill,w_780,h_439,l_fbk,o_auto|https://ke-image.ljcdn.com/110000-inspection/pc0_hLIAzQmGn.jpg!m_fill,w_780,h_439,l_fbk,o_auto|https://ke-image.ljcdn.com/110000-inspection/pc0_Cpwor4mCe.jpg!m_fill,w_780,h_439,l_fbk,o_auto|https://ke-image.ljcdn.com/110000-inspection/pc0_o9Sw6fWdv.jpg!m_fill,w_780,h_439,l_fbk,o_auto|https://ke-image.ljcdn.com/110000-inspection/pc0_PYnA2piCx.jpg!m_fill,w_780,h_439,l_fbk,o_auto",,"https://bj.zu.ke.com/ditiezufang/li43143633s46538455/pg2rt200600000001l1l2/","2","2026/8/23 17:05:27"
"BJ2070451054155137024","整租·南沙滩小区 2室1厅 南/北","6800","朝阳区","南沙滩","南沙滩小区","52.90㎡","南 北","2室1厅1卫","高楼层 （6层）","自营|近地铁|精装|集中供暖|押一付一|随时看房","贝壳优选","今天维护","https://bj.zu.ke.com/zufang/BJ2070451054155137024.html","https://ke-image.ljcdn.com/lease-image/house/31ce8cbe7cfca2d0cf44642120eef829.jpeg.250x182.jpg","7","multi","https://ke-image.ljcdn.com/lease-image/house/31ce8cbe7cfca2d0cf44642120eef829.jpeg.780x439.jpg|https://ke-image.ljcdn.com/lease-image/house/0dda4b07b2f3a5da2cf9288d8792096e.jpeg.780x439.jpg|https://ke-image.ljcdn.com/lease-image/house/b45e656608f9f3489ccd0943839851bd.jpeg.780x439.jpg|https://ke-image.ljcdn.com/lease-image/house/ed84b95bde854266f4fb3a6d7a9b0824.jpeg.780x439.jpg|https://ke-image.ljcdn.com/lease-image/house/c500969d061781dbdadd96f075db1e77.jpeg.780x439.jpg|https://ke-image.ljcdn.com/lease-image/house/54a2bef1fb0e5cf7440f92ac1e20ae30.jpeg.780x439.jpg|https://ke-image.ljcdn.com/lease-image/house/baa1be02167010f94daa750be7347ac5.jpeg.780x439.jpg",,"https://bj.zu.ke.com/ditiezufang/li43143633s46538455/pg2rt200600000001l1l2/","2","2026/8/23 17:05:27"
"BJ2032380314520649728","整租·华源冠军城 2室1厅 南/北","9200","朝阳区","南沙滩","华源冠军城","88.00㎡","南 北","2室1厅1卫","低楼层 （25层）","自营|近地铁|精装|集中供暖|押一付一|随时看房","贝壳优选","今天维护","https://bj.zu.ke.com/zufang/BJ2032380314520649728.html","https://ke-image.ljcdn.com/lease-image/house/bb9f43e5-839a-4ef6-9a3f-c91ba9fa1dfc.jpg.250x182.jpg","18","multi","https://ke-image.ljcdn.com/lease-image/house/bb9f43e5-839a-4ef6-9a3f-c91ba9fa1dfc.jpg.780x439.jpg|https://ke-image.ljcdn.com/lease-image/house/e788b9c2-1d5d-41aa-bdf6-8af41093828e.jpg.780x439.jpg|https://ke-image.ljcdn.com/lease-image/house/41c6f29e-4cbb-48af-9a6b-25657bf8ee75.jpg.780x439.jpg|https://ke-image.ljcdn.com/lease-image/house/0ed674ba-65de-462c-b206-dd4eda50de3a.jpg.780x439.jpg|https://ke-image.ljcdn.com/lease-image/house/96fe2e48-284b-4c01-a185-c01856135694.jpg.780x439.jpg|https://ke-image.ljcdn.com/lease-image/house/d1b209d6-3522-43ad-847e-d024fe43d62e.jpg.780x439.jpg|https://ke-image.ljcdn.com/lease-image/house/81174a65-40e5-4b0f-8385-23f1a8a46550.jpg.780x439.jpg|https://ke-image.ljcdn.com/lease-image/house/3897f5a1-ec3e-4889-8509-b883d978368d.jpg.780x439.jpg|https://ke-image.ljcdn.com/lease-image/house/25589b85-e5c9-4ab3-ac1d-c7f06f953cb9.jpg.780x439.jpg|https://ke-image.ljcdn.com/lease-image/house/685499dd-acca-4539-a787-54455215ff99.jpg.780x439.jpg|https://ke-image.ljcdn.com/lease-image/house/70fabede-96c5-427d-b1e5-a5025254beb5.jpg.780x439.jpg|https://ke-image.ljcdn.com/lease-image/house/5829604a-803b-4662-a7fe-6d309892d9c4.jpg.780x439.jpg|https://ke-image.ljcdn.com/lease-image/house/cf7005c7-0247-42e4-b749-9646448f981e.jpg.780x439.jpg|https://ke-image.ljcdn.com/lease-image/house/2275482e-1088-4218-a1cd-974a437e48b2.jpg.780x439.jpg|https://ke-image.ljcdn.com/lease-image/house/202b0833-75eb-415f-8ed6-a4628dd75575.jpg.780x439.jpg|https://ke-image.ljcdn.com/lease-image/house/aaa68315-f30b-4195-a16a-dbf6c64dcdd6.jpg.780x439.jpg|https://ke-image.ljcdn.com/lease-image/house/812537fe-1592-402e-849d-3cc141721732.jpg.780x439.jpg|https://ke-image.ljcdn.com/lease-image/house/f0f67fef-96c9-4ddb-a900-ac5f2bdeb020.jpg.780x439.jpg",,"https://bj.zu.ke.com/ditiezufang/li43143633s46538455/pg2rt200600000001l1l2/","2","2026/8/23 17:05:27"
"BJ1877003050913103872","整租·二里庄北里 3室1厅 南/北","7800","海淀区","二里庄","二里庄北里","73.20㎡","南 北","3室1厅1卫","低楼层 （6层）","自营|近地铁|精装|集中供暖|押一付一|随时看房","贝壳优选","今天维护","https://bj.zu.ke.com/zufang/BJ1877003050913103872.html","https://ke-image.ljcdn.com/lease-image/house/b68d58cb-ecae-4cf8-b9b1-ee90cf7cfe21.jpg.250x182.jpg","16","multi","https://ke-image.ljcdn.com/lease-image/house/b68d58cb-ecae-4cf8-b9b1-ee90cf7cfe21.jpg.780x439.jpg|https://ke-image.ljcdn.com/lease-image/house/4efd12be-0478-4a3c-9df2-5ffaba9757f8.jpg.780x439.jpg|https://ke-image.ljcdn.com/lease-image/house/d20dba68-5626-4a3b-97c3-2e0bb8e38552.jpg.780x439.jpg|https://ke-image.ljcdn.com/lease-image/house/9491705b-60ef-4bb5-bb88-3ef714e0ae84.jpg.780x439.jpg|https://ke-image.ljcdn.com/lease-image/house/1d8046f40a604706f0eede6ba8dbb256.jpeg.780x439.jpg|https://ke-image.ljcdn.com/lease-image/house/ccbad0cc-d48a-44d0-810a-e2644c546d09.jpg.780x439.jpg|https://ke-image.ljcdn.com/lease-image/house/924732c8-2ccd-4bd3-be95-1ed092d1cecf.jpg.780x439.jpg|https://ke-image.ljcdn.com/lease-image/house/71d7697e-e060-43a1-b96b-16cff3dd8987.jpg.780x439.jpg|https://ke-image.ljcdn.com/lease-image/house/2e17d6d9-a677-4281-9f48-263730ce45a7.jpg.780x439.jpg|https://ke-image.ljcdn.com/lease-image/house/5b200910-be7f-4ff2-a826-3484a6d9a544.jpg.780x439.jpg|https://ke-image.ljcdn.com/lease-image/house/d2cd6dd9-20f7-4b00-8b8a-887b630a9423.jpg.780x439.jpg|https://ke-image.ljcdn.com/lease-image/house/9ffe0f53-42de-4afd-bea2-a7bcdda91f6c.jpg.780x439.jpg|https://ke-image.ljcdn.com/lease-image/house/be688dac-6091-4ee0-8916-d1580ef78a95.jpg.780x439.jpg|https://ke-image.ljcdn.com/lease-image/house/5f30b68a-2324-4304-908b-68dc8ac484c4.jpg.780x439.jpg|https://ke-image.ljcdn.com/lease-image/house/65b46582-1de5-4d6d-9e51-2adad5526cb8.jpg.780x439.jpg|https://ke-image.ljcdn.com/lease-image/house/69ca358a-babe-4163-85c9-a2c7553dc9bb.jpg.780x439.jpg",,"https://bj.zu.ke.com/ditiezufang/li43143633s46538455/pg2rt200600000001l1l2/","2","2026/8/23 17:05:27"
"BJ2067142141783572480","整租·北沙滩小区 2室1厅 南/北","6300","朝阳区","奥林匹克公园","北沙滩小区","56.04㎡","南 北","2室1厅1卫","中楼层 （6层）","自营|新上|近地铁|精装|集中供暖|押一付一|随时看房","贝壳优选","今天维护","https://bj.zu.ke.com/zufang/BJ2067142141783572480.html","https://ke-image.ljcdn.com/lease-image/house/f6f3d41f99ba9d3dab3a349238940894.jpeg.250x182.jpg","13","multi","https://ke-image.ljcdn.com/lease-image/house/f6f3d41f99ba9d3dab3a349238940894.jpeg.780x439.jpg|https://ke-image.ljcdn.com/lease-image/house/3bb649dfd685bab19dec83665428fc7f.jpeg.780x439.jpg|https://ke-image.ljcdn.com/lease-image/house/d8f04726b2389bdaf2b4fe3a24a20eb8.jpeg.780x439.jpg|https://ke-image.ljcdn.com/lease-image/house/292ea9a907ddc84fc6bd0c31247ddb65.jpeg.780x439.jpg|https://ke-image.ljcdn.com/lease-image/house/842e44565ad8801a5aa0c29f531e03cb.jpeg.780x439.jpg|https://ke-image.ljcdn.com/lease-image/house/1fe129145e9fa831ede28bad347774e5.jpeg.780x439.jpg|https://ke-image.ljcdn.com/lease-image/house/7f219468f62a497a51242a42bffa5029.jpeg.780x439.jpg|https://ke-image.ljcdn.com/lease-image/house/356cba6e6a03a0d1ff2065ed6f707eb8.jpeg.780x439.jpg|https://ke-image.ljcdn.com/lease-image/house/cf66e2023eb72a4f54fc294b40870c99.jpeg.780x439.jpg|https://ke-image.ljcdn.com/lease-image/house/f6463478d9cac8d15ba22b66bbe1bcf2.jpeg.780x439.jpg|https://ke-image.ljcdn.com/lease-image/house/9de28ad1ea1f23104bc618b2e2ea7e10.jpeg.780x439.jpg|https://ke-image.ljcdn.com/lease-image/house/abe44dd182364f2ca38d029b856db6b2.jpeg.780x439.jpg|https://ke-image.ljcdn.com/lease-image/house/ab99092ee0a0b9093ab8ffb77dd0b4b4.jpeg.780x439.jpg",,"https://bj.zu.ke.com/ditiezufang/li43143633s46538455/pg2rt200600000001l1l2/","2","2026/8/23 17:05:27"
"BJ2191115557170839552","整租·南沙滩小区 2室1厅 南","6200","朝阳区","南沙滩","南沙滩小区","58.58㎡","南","2室1厅1卫","高楼层 （6层）","自营|近地铁|集中供暖|押一付一|随时看房|首次出租","贝壳优选","今天维护","https://bj.zu.ke.com/zufang/BJ2191115557170839552.html","https://ke-image.ljcdn.com/lease-image/house/8958f4128e10edb472a0614e7e9b3066.jpeg.250x182.jpg","12","multi","https://ke-image.ljcdn.com/lease-image/house/8958f4128e10edb472a0614e7e9b3066.jpeg.780x439.jpg|https://ke-image.ljcdn.com/lease-image/house/6b74fc2588008092c9c4206a157e0ab5.jpeg.780x439.jpg|https://ke-image.ljcdn.com/lease-image/house/d678370be0b3920b44bcfb170d2e3686.jpeg.780x439.jpg|https://ke-image.ljcdn.com/lease-image/house/334214368a90e70dc58828697def16d8.jpeg.780x439.jpg|https://ke-image.ljcdn.com/lease-image/house/aa7687d1b3f2f630b30212a7d058867d.jpeg.780x439.jpg|https://ke-image.ljcdn.com/lease-image/house/cf352294dc0510ec1b781f1017065097.jpeg.780x439.jpg|https://ke-image.ljcdn.com/lease-image/house/622fa1cb5a0f8e9fe386a597fae779a8.jpeg.780x439.jpg|https://ke-image.ljcdn.com/lease-image/house/3d79b47e97aafba8c7bc7eab4a949b41.jpeg.780x439.jpg|https://ke-image.ljcdn.com/lease-image/house/58a9734313961698531f7f63637bb5ee.jpeg.780x439.jpg|https://ke-image.ljcdn.com/lease-image/house/3f2eb3412469b9e852292bad1cf986d1.jpeg.780x439.jpg|https://ke-image.ljcdn.com/lease-image/house/cf170c3fc92d5bf1b0e916700e451d96.jpeg.780x439.jpg|https://ke-image.ljcdn.com/lease-image/house/534829e9737f31a37b675ea7be3018a5.jpeg.780x439.jpg",,"https://bj.zu.ke.com/ditiezufang/li43143633s46538455/pg2rt200600000001l1l2/","2","2026/8/23 17:05:27"
"BJ2137534152939929600","整租·南沙滩小区 2室1厅 南/西","6670","朝阳区","南沙滩","南沙滩小区","49.74㎡","南 西","2室1厅1卫","低楼层 （6层）","自营|近地铁|精装|集中供暖|押一付一|随时看房","贝壳优选","今天维护","https://bj.zu.ke.com/zufang/BJ2137534152939929600.html","https://ke-image.ljcdn.com/lease-image/house/a674365d5b2f81b87621e28d43afbaf7.jpeg.250x182.jpg","9","multi","https://ke-image.ljcdn.com/lease-image/house/a674365d5b2f81b87621e28d43afbaf7.jpeg.780x439.jpg|https://ke-image.ljcdn.com/lease-image/house/850628db1897fb4b7d1ddec5717bb664.jpeg.780x439.jpg|https://ke-image.ljcdn.com/lease-image/house/5b944fea30481d328fafe2f5c20f2f6e.jpeg.780x439.jpg|https://ke-image.ljcdn.com/lease-image/house/1a1d8e6ce4b5db681796c895ff55a90c.jpeg.780x439.jpg|https://ke-image.ljcdn.com/lease-image/house/28d65f95e91393fe0256264109b2a06f.jpeg.780x439.jpg|https://ke-image.ljcdn.com/lease-image/house/aa9134766b77c28b93c1d00eed1f679c.jpeg.780x439.jpg|https://ke-image.ljcdn.com/lease-image/house/f9c1c1e96ff59d29511b89bd870348fc.jpeg.780x439.jpg|https://ke-image.ljcdn.com/lease-image/house/a9c12fb9a0f29e3e98670823269d7eb9.jpeg.780x439.jpg|https://ke-image.ljcdn.com/lease-image/house/298b68c3935b52a3a912d977951026d9.jpeg.780x439.jpg",,"https://bj.zu.ke.com/ditiezufang/li43143633s46538455/pg2rt200600000001l1l2/","2","2026/8/23 17:05:27"
"BJ2189022515475513344","整租·南沙滩小区 3室1厅 南/北","6200","朝阳区","南沙滩","南沙滩小区","60.38㎡","南 北","3室1厅1卫","高楼层 （6层）","自营|近地铁|集中供暖|押一付一|随时看房|首次出租","贝壳优选","今天维护","https://bj.zu.ke.com/zufang/BJ2189022515475513344.html","https://ke-image.ljcdn.com/lease-image/house/c981313d40f201ad9954365432d1476a.jpeg.250x182.jpg","13","multi","https://ke-image.ljcdn.com/lease-image/house/c981313d40f201ad9954365432d1476a.jpeg.780x439.jpg|https://ke-image.ljcdn.com/lease-image/house/93eafa880f8ebffc071ac932a008f55c.jpeg.780x439.jpg|https://ke-image.ljcdn.com/lease-image/house/7dcd568151a0d2b59cca8f35c69af39a.jpeg.780x439.jpg|https://ke-image.ljcdn.com/lease-image/house/bfdc0de068df692eaed5809a32728348.jpeg.780x439.jpg|https://ke-image.ljcdn.com/lease-image/house/833492edde7b772c15f97e9c25614790.jpeg.780x439.jpg|https://ke-image.ljcdn.com/lease-image/house/9f5461d835216ed24c61fc2442963a47.jpeg.780x439.jpg|https://ke-image.ljcdn.com/lease-image/house/2ec9ce06d8e2280bc080097c6c98164e.jpeg.780x439.jpg|https://ke-image.ljcdn.com/lease-image/house/83551963fb5919400495d39301b8bc98.jpeg.780x439.jpg|https://ke-image.ljcdn.com/lease-image/house/e3b8dbb34a9a1bdedc23611b7e940faf.jpeg.780x439.jpg|https://ke-image.ljcdn.com/lease-image/house/da028c280827532d96d66a661b687841.jpeg.780x439.jpg|https://ke-image.ljcdn.com/lease-image/house/5f1d9067f2f7997de4c5b415090ff324.jpeg.780x439.jpg|https://ke-image.ljcdn.com/lease-image/house/35bbed75d95aea5ffc14744e88a3a19f.jpeg.780x439.jpg|https://ke-image.ljcdn.com/lease-image/house/d6ff0cec6bc8af6884e7dbfcc98b2cb8.jpeg.780x439.jpg",,"https://bj.zu.ke.com/ditiezufang/li43143633s46538455/pg2rt200600000001l1l2/","2","2026/8/23 17:05:27"
"BJ2102422416134242304","整租·北沙滩小区 2室1厅 东","6600","朝阳区","奥林匹克公园","北沙滩小区","71.00㎡","东","2室1厅1卫","高楼层 （18层）","自营|近地铁|精装|集中供暖|押一付一|随时看房","贝壳优选","今天维护","https://bj.zu.ke.com/zufang/BJ2102422416134242304.html","https://ke-image.ljcdn.com/lease-image/house/2bf620e15c57265fa118483e1ba4c82f.jpeg.250x182.jpg","9","multi","https://ke-image.ljcdn.com/lease-image/house/2bf620e15c57265fa118483e1ba4c82f.jpeg.780x439.jpg|https://ke-image.ljcdn.com/lease-image/house/93f917c762f4e5a4bee39e0ef004a1b2.jpeg.780x439.jpg|https://ke-image.ljcdn.com/lease-image/house/7894a6ff-b64c-4056-8a93-43118e906b4c.jpg.780x439.jpg|https://ke-image.ljcdn.com/lease-image/house/185e42ba-0e6a-47d9-b522-ce562789321a.jpg.780x439.jpg|https://ke-image.ljcdn.com/lease-image/house/4a1cde27-0b30-4eb9-b722-059edc291f53.jpg.780x439.jpg|https://ke-image.ljcdn.com/lease-image/house/67bee322a46bc1181faac69fea3188b4.jpeg.780x439.jpg|https://ke-image.ljcdn.com/lease-image/house/7a7627dc-ca3d-485a-9796-863f32519dff.jpg.780x439.jpg|https://ke-image.ljcdn.com/lease-image/house/1fa9daa2ef0b404ef3d749d095744c45.jpeg.780x439.jpg|https://ke-image.ljcdn.com/lease-image/house/8fcfd7c4444266def3fdef4a374bfc32.jpeg.780x439.jpg",,"https://bj.zu.ke.com/ditiezufang/li43143633s46538455/pg2rt200600000001l1l2/","2","2026/8/23 17:05:27"
"BJ2194382458667925504","整租·北沙滩小区 2室1厅 东北","6600","朝阳区","奥林匹克公园","北沙滩小区","71.58㎡","东北","2室1厅1卫","中楼层 （18层）","自营|新上|近地铁|精装|集中供暖|押一付一|随时看房|首次出租","贝壳优选","今天维护","https://bj.zu.ke.com/zufang/BJ2194382458667925504.html","https://ke-image.ljcdn.com/lease-image/house/c2b92e2ec334989553de7ec2a7c83f59.jpeg.250x182.jpg","10","multi","https://ke-image.ljcdn.com/lease-image/house/34af6b25e1e6f346d80d6b32a4a873ed.jpeg.780x439.jpg|https://ke-image.ljcdn.com/lease-image/house/ecbcadc672a6228afb879ec901e99e1e.jpeg.780x439.jpg|https://ke-image.ljcdn.com/lease-image/house/597176e6245b9a2b279ec68b08e2d734.jpeg.780x439.jpg|https://ke-image.ljcdn.com/lease-image/house/a0a1732b81bb254505ebf2ca3c29d333.jpeg.780x439.jpg|https://ke-image.ljcdn.com/lease-image/house/c2b92e2ec334989553de7ec2a7c83f59.jpeg.780x439.jpg|https://ke-image.ljcdn.com/lease-image/house/05c27878d2a0912b14d8b0f5afbcf7e9.jpeg.780x439.jpg|https://ke-image.ljcdn.com/lease-image/house/60d290af019c412987764fb39946baae.jpeg.780x439.jpg|https://ke-image.ljcdn.com/lease-image/house/e158f39230fa87623805cc69e7be6c87.jpeg.780x439.jpg|https://ke-image.ljcdn.com/lease-image/house/937105083c35501ebfae3d5ded1c342d.jpeg.780x439.jpg|https://ke-image.ljcdn.com/110000-frame/9a7cfc88-8605-4606-aff3-0562f4f85b2c0.jpg.780x439.jpg",,"https://bj.zu.ke.com/ditiezufang/li43143633s46538455/pg2rt200600000001l1l2/","2","2026/8/23 17:05:27"
"BJ1930192102562463744","整租·北沙滩小区 3室1厅 南/北","7600","朝阳区","奥林匹克公园","北沙滩小区","58.11㎡","南 北","3室1厅1卫","高楼层 （5层）","自营|近地铁|集中供暖|押一付一|随时看房","贝壳优选","今天维护","https://bj.zu.ke.com/zufang/BJ1930192102562463744.html","https://ke-image.ljcdn.com/lease-image/house/b0f588321e324328a680872c5e10fd1e.jpeg.250x182.jpg","9","multi","https://ke-image.ljcdn.com/lease-image/house/b0f588321e324328a680872c5e10fd1e.jpeg.780x439.jpg|https://ke-image.ljcdn.com/lease-image/house/eb0855042c3a6b3e8487ac28ba949795.jpeg.780x439.jpg|https://ke-image.ljcdn.com/lease-image/house/6800fecf084eb1b9ca5bed310fdf495c.jpeg.780x439.jpg|https://ke-image.ljcdn.com/lease-image/house/13c9be9abdabaff8993883f1f0538875.jpeg.780x439.jpg|https://ke-image.ljcdn.com/lease-image/house/7ffde2a4fd22c5952e352c53e6f88667.jpeg.780x439.jpg|https://ke-image.ljcdn.com/lease-image/house/4b2fff93039fa89889d6f317ac9eca5f.jpeg.780x439.jpg|https://ke-image.ljcdn.com/lease-image/house/f5088b3c011d7dcb2fc33f1bb8fdd700.jpeg.780x439.jpg|https://ke-image.ljcdn.com/lease-image/house/03ebcaa21ee8237451a7eed6099a6099.jpeg.780x439.jpg|https://ke-image.ljcdn.com/lease-image/house/95829f74-d6b9-4215-aae4-483e696473d8.png.780x439.jpg",,"https://bj.zu.ke.com/ditiezufang/li43143633s46538455/pg2rt200600000001l1l2/","2","2026/8/23 17:05:27"
"BJ2075951258245529600","整租·二里庄北里 3室1厅 南/北","7560","海淀区","二里庄","二里庄北里","71.80㎡","南 北","3室1厅1卫","高楼层 （6层）","自营|新上|近地铁|精装|集中供暖|押一付一|随时看房","贝壳优选","今天维护","https://bj.zu.ke.com/zufang/BJ2075951258245529600.html","https://ke-image.ljcdn.com/lease-image/house/c203e1740c9302cef17cacf0e994bd03.jpeg.250x182.jpg","13","multi","https://ke-image.ljcdn.com/lease-image/house/c203e1740c9302cef17cacf0e994bd03.jpeg.780x439.jpg|https://ke-image.ljcdn.com/lease-image/house/36937f09b138feef4b672a7bf8f081bf.jpeg.780x439.jpg|https://ke-image.ljcdn.com/lease-image/house/ff98625b26ec32559396b9dd8abe31cd.jpeg.780x439.jpg|https://ke-image.ljcdn.com/lease-image/house/89540d330c6544c9b9c5648a2cf305b6.jpeg.780x439.jpg|https://ke-image.ljcdn.com/lease-image/house/2cd232323d5381d81ec078832d16867e.jpeg.780x439.jpg|https://ke-image.ljcdn.com/lease-image/house/16113f76a72e45277a8f1bdfef689297.jpeg.780x439.jpg|https://ke-image.ljcdn.com/lease-image/house/3963833186f8750b312f2e5eed282951.jpeg.780x439.jpg|https://ke-image.ljcdn.com/lease-image/house/21ff7c8bd3fb83666889607aa4d3a35b.jpeg.780x439.jpg|https://ke-image.ljcdn.com/lease-image/house/2f9ed956e11ca06a5e0b9a404c7bbe28.jpeg.780x439.jpg|https://ke-image.ljcdn.com/lease-image/house/da011679f31d1e4c93ce090382327f87.jpeg.780x439.jpg|https://ke-image.ljcdn.com/lease-image/house/1236585381f6fd229ae6ebe072177a2a.jpeg.780x439.jpg|https://ke-image.ljcdn.com/lease-image/house/3387623754f67ba70d0c96403ec07d38.jpeg.780x439.jpg|https://ke-image.ljcdn.com/lease-image/house/28d15565b08bef54f1cf546f4b42dbca.jpeg.780x439.jpg",,"https://bj.zu.ke.com/ditiezufang/li43143633s46538455/pg2rt200600000001l1l2/","2","2026/8/23 17:05:27"
"BJ2150242410779639808","整租·二里庄小区 2室1厅 南","6800","海淀区","二里庄","二里庄小区","52.90㎡","南","2室1厅1卫","低楼层 （6层）","自营|新上|近地铁|精装|集中供暖|押一付一|随时看房","贝壳优选","今天维护","https://bj.zu.ke.com/zufang/BJ2150242410779639808.html","https://ke-image.ljcdn.com/lease-image/house/1154fc260d5e16472d8c61212b06497f.jpeg.250x182.jpg","7","multi","https://ke-image.ljcdn.com/lease-image/house/1154fc260d5e16472d8c61212b06497f.jpeg.780x439.jpg|https://ke-image.ljcdn.com/lease-image/house/7916d7bf6046c7c5ac6c14d8b22a018a.jpeg.780x439.jpg|https://ke-image.ljcdn.com/lease-image/house/b2df94c938eb57b9fe731899e0ca883e.jpeg.780x439.jpg|https://ke-image.ljcdn.com/lease-image/house/dfcb8e20547f6e272fb913692229032f.jpeg.780x439.jpg|https://ke-image.ljcdn.com/lease-image/house/208827c63842f58ee661d0d6bc5c536d.jpeg.780x439.jpg|https://ke-image.ljcdn.com/lease-image/house/0a9a9df0d383b2143f36b60b36903915.jpeg.780x439.jpg|https://ke-image.ljcdn.com/lease-image/house/b400ed5ee5d9b939079a03a062183215.jpeg.780x439.jpg",,"https://bj.zu.ke.com/ditiezufang/li43143633s46538455/pg2rt200600000001l1l2/","2","2026/8/23 17:05:27"
"BJ1920740991711576064","整租·北沙滩小区 2室1厅 南/北","6500","朝阳区","奥林匹克公园","北沙滩小区","58.70㎡","南 北","2室1厅1卫","中楼层 （5层）","自营|近地铁|精装|集中供暖|押一付一|随时看房","贝壳优选","今天维护","https://bj.zu.ke.com/zufang/BJ1920740991711576064.html","https://ke-image.ljcdn.com/lease-image/house/2802bd4fed76a53aaefcef4c2f8d8c32.jpeg.250x182.jpg","11","multi","https://ke-image.ljcdn.com/lease-image/house/2802bd4fed76a53aaefcef4c2f8d8c32.jpeg.780x439.jpg|https://ke-image.ljcdn.com/lease-image/house/2fd1883974c0f7fdf2446c8dfa74a49a.jpeg.780x439.jpg|https://ke-image.ljcdn.com/lease-image/house/737861781655830abcda3d5500fdc714.jpeg.780x439.jpg|https://ke-image.ljcdn.com/lease-image/house/6bba07c248631f16aaddb0fa5ef6e9b9.jpeg.780x439.jpg|https://ke-image.ljcdn.com/lease-image/house/4b2d0a631a2f9b34969cb6cef4bd67b9.jpeg.780x439.jpg|https://ke-image.ljcdn.com/lease-image/house/ccc88bc989cb81494156f658c0b96979.jpeg.780x439.jpg|https://ke-image.ljcdn.com/lease-image/house/464d178bdf1c4a89671c9279ae523895.jpeg.780x439.jpg|https://ke-image.ljcdn.com/lease-image/house/53f0bebbb790dba8f7e02bb038589c84.jpeg.780x439.jpg|https://ke-image.ljcdn.com/lease-image/house/5506f4e4d9b8e752275be57f7ac3bd91.jpeg.780x439.jpg|https://ke-image.ljcdn.com/lease-image/house/c52e86809bea3bfca7818ff995151f87.jpeg.780x439.jpg|https://ke-image.ljcdn.com/lease-image/house/3f0569f8260fbda1a171df68b31a1daa.jpeg.780x439.jpg",,"https://bj.zu.ke.com/ditiezufang/li43143633s46538455/pg2rt200600000001l1l2/","2","2026/8/23 17:05:27"
"BJ2155638869993717760","整租·双泉堡甲2号院 3室1厅 南/北","5500","朝阳区","奥林匹克公园","双泉堡甲2号院","75.88㎡","南 北","3室1厅1卫","中楼层 （5层）","自营|近地铁|集中供暖|押一付一|随时看房","贝壳优选","今天维护","https://bj.zu.ke.com/zufang/BJ2155638869993717760.html","https://ke-image.ljcdn.com/lease-image/house/a13d65c19caf322bbbc3c5303c209943.jpeg.250x182.jpg","10","multi","https://ke-image.ljcdn.com/lease-image/house/a13d65c19caf322bbbc3c5303c209943.jpeg.780x439.jpg|https://ke-image.ljcdn.com/lease-image/house/3eeaae592546821a391a4b9b9bd0c444.jpeg.780x439.jpg|https://ke-image.ljcdn.com/lease-image/house/afe33a4493bd3918087c2f97dcbe0611.jpeg.780x439.jpg|https://ke-image.ljcdn.com/lease-image/house/20af56f09befbe46a82a99db8fc12c53.jpeg.780x439.jpg|https://ke-image.ljcdn.com/lease-image/house/eb730bf50fd9554c401abf857300167b.jpeg.780x439.jpg|https://ke-image.ljcdn.com/lease-image/house/211e9d9efa5d44d1a3b3a7c79a2c441d.jpeg.780x439.jpg|https://ke-image.ljcdn.com/lease-image/house/3a5ffa37d5fd16ef5f88ba086e2e1eee.jpeg.780x439.jpg|https://ke-image.ljcdn.com/lease-image/house/69f4ea39b5964b85f29249271b4ee013.jpeg.780x439.jpg|https://ke-image.ljcdn.com/lease-image/house/1301744737e4245340b6d66b70d5cd1d.jpeg.780x439.jpg|https://ke-image.ljcdn.com/lease-image/house/836bdf70d2029cb3ebc9d30921e8e4ac.jpeg.780x439.jpg",,"https://bj.zu.ke.com/ditiezufang/li43143633s46538455/pg2rt200600000001l1l2/","2","2026/8/23 17:05:27"
"BJ2065736670602330112","整租·南沙滩小区 2室1厅 南/北","7000","朝阳区","南沙滩","南沙滩小区","52.90㎡","南 北","2室1厅1卫","高楼层 （6层）","自营|近地铁|精装|集中供暖|押一付一|随时看房","贝壳优选","今天维护","https://bj.zu.ke.com/zufang/BJ2065736670602330112.html","https://ke-image.ljcdn.com/lease-image/house/0921e20b4ca130bb989ef6a48c82e5b0.jpeg.250x182.jpg","5","multi","https://ke-image.ljcdn.com/lease-image/house/0921e20b4ca130bb989ef6a48c82e5b0.jpeg.780x439.jpg|https://ke-image.ljcdn.com/lease-image/house/57abeca5ef6e8594096ffeed17ab6948.jpeg.780x439.jpg|https://ke-image.ljcdn.com/lease-image/house/4b1bd123bbaf54295f38ab4edaef2edb.jpeg.780x439.jpg|https://ke-image.ljcdn.com/lease-image/house/5eda4499926dd48881d92c76386da9d7.jpeg.780x439.jpg|https://ke-image.ljcdn.com/lease-image/house/60208716c3bff01bdd2837ab4e613711.jpeg.780x439.jpg",,"https://bj.zu.ke.com/ditiezufang/li43143633s46538455/pg2rt200600000001l1l2/","2","2026/8/23 17:05:27"
"BJ2056048275772932096","整租·南沙滩小区 2室1厅 东/西","8400","朝阳区","南沙滩","南沙滩小区","76.12㎡","东 西","2室1厅1卫","低楼层 （22层）","自营|近地铁|精装|集中供暖|押一付一|随时看房","贝壳优选","今天维护","https://bj.zu.ke.com/zufang/BJ2056048275772932096.html","https://ke-image.ljcdn.com/lease-image/house/1a9564ea-2650-4ecf-ae3c-df3fabdea602.jpg.250x182.jpg","9","multi","https://ke-image.ljcdn.com/lease-image/house/4e775407-04d4-4153-9bf0-461832f9eb30.jpg.780x439.jpg|https://ke-image.ljcdn.com/lease-image/house/1a9564ea-2650-4ecf-ae3c-df3fabdea602.jpg.780x439.jpg|https://ke-image.ljcdn.com/lease-image/house/6ef6217e-5e01-4715-8e54-9096f61a5e8a.jpg.780x439.jpg|https://ke-image.ljcdn.com/lease-image/house/8bbc73b4-598b-431b-a579-63d9348107ee.jpg.780x439.jpg|https://ke-image.ljcdn.com/lease-image/house/7b3cebcb-dd47-49b2-a615-706e61a8e0c0.jpg.780x439.jpg|https://ke-image.ljcdn.com/lease-image/house/9a73572d-c8e4-4b6f-a7c2-dbf4cfcd78e7.jpg.780x439.jpg|https://ke-image.ljcdn.com/lease-image/house/06ca5267-5bb3-4b49-add5-66c6fe3e8513.jpg.780x439.jpg|https://ke-image.ljcdn.com/lease-image/house/a980c369-630d-4971-b214-16704f8941ad.jpg.780x439.jpg|https://ke-image.ljcdn.com/lease-image/house/36a6a1d0-eff6-408e-bc68-9b74dc2874da.jpg.780x439.jpg",,"https://bj.zu.ke.com/ditiezufang/li43143633s46538455/pg2rt200600000001l1l2/","2","2026/8/23 17:05:27"
"BJ2058394081670725632","整租·北沙滩小区 2室1厅 南","6500","朝阳区","奥林匹克公园","北沙滩小区","52.48㎡","南","2室1厅1卫","中楼层 （5层）","自营|近地铁|精装|集中供暖|押一付一|随时看房","贝壳优选","今天维护","https://bj.zu.ke.com/zufang/BJ2058394081670725632.html","https://ke-image.ljcdn.com/lease-image/house/d495c53e47589cb30f5ad65deb7e4339.jpeg.250x182.jpg","9","multi","https://ke-image.ljcdn.com/lease-image/house/d495c53e47589cb30f5ad65deb7e4339.jpeg.780x439.jpg|https://ke-image.ljcdn.com/lease-image/house/09d78f745a81c9ad6e481f08cc6285ce.jpeg.780x439.jpg|https://ke-image.ljcdn.com/lease-image/house/d08854154ccd769edf46a2c43e7fdd9d.jpeg.780x439.jpg|https://ke-image.ljcdn.com/lease-image/house/899bf2660f473f9438a6694db8571608.jpeg.780x439.jpg|https://ke-image.ljcdn.com/lease-image/house/970ae81c4b0b3de5d270c9b6eb574ada.jpeg.780x439.jpg|https://ke-image.ljcdn.com/lease-image/house/fb82f9178e5771cb10aafb8b437bf2a7.jpeg.780x439.jpg|https://ke-image.ljcdn.com/lease-image/house/37153f55d4ae9d8f0e2158e7a6619a0d.jpeg.780x439.jpg|https://ke-image.ljcdn.com/lease-image/house/499a5fe2a2e64328a2be8a5e78ab5a87.jpeg.780x439.jpg|https://ke-image.ljcdn.com/110000-frame/22532527-4605-4ec9-9666-da766daa66c15.jpg.780x439.jpg",,"https://bj.zu.ke.com/ditiezufang/li43143633s46538455/pg3rt200600000001l1l2/","3","2026/8/23 17:05:30"
"BJ1801570673282252800","整租·中和家园 2室1厅 南/北","7600","朝阳区","南沙滩","中和家园","82.59㎡","南 北","2室1厅1卫","低楼层 （7层）","自营|新上|近地铁|精装|集中供暖|押一付一|随时看房","贝壳优选","今天维护","https://bj.zu.ke.com/zufang/BJ1801570673282252800.html","https://ke-image.ljcdn.com/lease-image/house/cd765714039e9078b7ebb8112416b27c.jpeg.250x182.jpg","5","multi","https://ke-image.ljcdn.com/lease-image/house/cd765714039e9078b7ebb8112416b27c.jpeg.780x439.jpg|https://ke-image.ljcdn.com/lease-image/house/83dc12c66890321ed5762cfebbfb3ca0.jpeg.780x439.jpg|https://ke-image.ljcdn.com/lease-image/house/11efd51bbd7d0239a73a5bdca72c5ef9.jpeg.780x439.jpg|https://ke-image.ljcdn.com/lease-image/house/f173a76f9db9eaec3f2f80c79712fc5f.jpeg.780x439.jpg|https://ke-image.ljcdn.com/lease-image/house/4ae0504d11d8faf188876f8b5959a61b.jpeg.780x439.jpg",,"https://bj.zu.ke.com/ditiezufang/li43143633s46538455/pg3rt200600000001l1l2/","3","2026/8/23 17:05:30"
"BJ2192564288445480960","整租·北沙滩小区 3室1厅 南/北","7900","朝阳区","奥林匹克公园","北沙滩小区","79.73㎡","南 北","3室1厅1卫","低楼层 （5层）","自营|近地铁|精装|集中供暖|押一付一|随时看房|首次出租","贝壳优选","今天维护","https://bj.zu.ke.com/zufang/BJ2192564288445480960.html","https://ke-image.ljcdn.com/lease-image/house/a73de757b6bc9803c9ef06aaf2034076.jpeg.250x182.jpg","6","multi","https://ke-image.ljcdn.com/lease-image/house/a73de757b6bc9803c9ef06aaf2034076.jpeg.780x439.jpg|https://ke-image.ljcdn.com/lease-image/house/6a814da1be9bc88f75b2396889dd925a.jpeg.780x439.jpg|https://ke-image.ljcdn.com/lease-image/house/d5e1b52d4d84a8128c0be1b3740a56c3.jpeg.780x439.jpg|https://ke-image.ljcdn.com/lease-image/house/2d463d33d750898e7dc267f81e0e129c.jpeg.780x439.jpg|https://ke-image.ljcdn.com/lease-image/house/e377d943f49c82e45449bd941d9c499a.jpeg.780x439.jpg|https://ke-image.ljcdn.com/lease-image/house/686c189cc39346da63e08c35fd80b30d.jpeg.780x439.jpg",,"https://bj.zu.ke.com/ditiezufang/li43143633s46538455/pg3rt200600000001l1l2/","3","2026/8/23 17:05:30"
"BJ2198697995027873792","整租·南沙滩小区 2室1厅 南/北","7200","朝阳区","南沙滩","南沙滩小区","66.48㎡","南 北","2室1厅1卫","中楼层 （10层）","自营|近地铁|精装|集中供暖|押一付一|随时看房|首次出租","贝壳优选","今天维护","https://bj.zu.ke.com/zufang/BJ2198697995027873792.html","https://ke-image.ljcdn.com/lease-image/house/866ac6680939d1f0a88c8b55e101dd48.jpeg.250x182.jpg","11","multi","https://ke-image.ljcdn.com/lease-image/house/866ac6680939d1f0a88c8b55e101dd48.jpeg.780x439.jpg|https://ke-image.ljcdn.com/lease-image/house/794d47c934170276f5954c0b0ea09c51.jpeg.780x439.jpg|https://ke-image.ljcdn.com/lease-image/house/2cc59cac2e6f34b1881b921a721d9276.jpeg.780x439.jpg|https://ke-image.ljcdn.com/lease-image/house/90a150c839b64cb86d75d6bd6a72563a.jpeg.780x439.jpg|https://ke-image.ljcdn.com/lease-image/house/ff26c00526d17eebf62d452ed308f6e0.jpeg.780x439.jpg|https://ke-image.ljcdn.com/lease-image/house/7c2a6b7452e878f8f58e42417dd321bc.jpeg.780x439.jpg|https://ke-image.ljcdn.com/lease-image/house/b7b83b0599d2428e46dc894bb6135337.jpeg.780x439.jpg|https://ke-image.ljcdn.com/lease-image/house/3e5843ded5667676f16ad4454cd9a9eb.jpeg.780x439.jpg|https://ke-image.ljcdn.com/lease-image/house/2f8ffa8dd1fb6e9e7752444e952ff41f.jpeg.780x439.jpg|https://ke-image.ljcdn.com/lease-image/house/d1e812c667af5eefd88f2725ebe4c3f2.jpeg.780x439.jpg|https://ke-image.ljcdn.com/lease-image/house/4f0a62659e65d306ac9f61fca9537871.jpeg.780x439.jpg",,"https://bj.zu.ke.com/ditiezufang/li43143633s46538455/pg3rt200600000001l1l2/","3","2026/8/23 17:05:30"
"BJ1920032619186094080","整租·南沙滩小区 2室1厅 东/西","6200","朝阳区","南沙滩","南沙滩小区","52.90㎡","东 西","2室1厅1卫","高楼层 （6层）","自营|近地铁|精装|集中供暖|押一付一|随时看房","贝壳优选","今天维护","https://bj.zu.ke.com/zufang/BJ1920032619186094080.html","https://ke-image.ljcdn.com/lease-image/house/8970b9b28a667eb673313b6352a64cb3.jpeg.250x182.jpg","8","multi","https://ke-image.ljcdn.com/lease-image/house/8970b9b28a667eb673313b6352a64cb3.jpeg.780x439.jpg|https://ke-image.ljcdn.com/lease-image/house/cbaefe713c6e4ca20089bdd893936f42.jpeg.780x439.jpg|https://ke-image.ljcdn.com/lease-image/house/b5504e2b56c5c388e58d19ef1b01dfd7.jpeg.780x439.jpg|https://ke-image.ljcdn.com/lease-image/house/c0bc5143c78ccc274ef712d4a32139c2.jpeg.780x439.jpg|https://ke-image.ljcdn.com/lease-image/house/ddf112eccf97736bb0748f3089e0cccd.jpeg.780x439.jpg|https://ke-image.ljcdn.com/lease-image/house/3c26a3c704ade7ee3c3a99fb454bba9a.jpeg.780x439.jpg|https://ke-image.ljcdn.com/lease-image/house/c2facc837beb8c6cc680611e6310ae88.jpeg.780x439.jpg|https://ke-image.ljcdn.com/lease-image/house/f014d27a127034e0be5b4fcc3b9d5a95.jpeg.780x439.jpg",,"https://bj.zu.ke.com/ditiezufang/li43143633s46538455/pg3rt200600000001l1l2/","3","2026/8/23 17:05:30"
"BJ2166814102536585216","整租·北沙滩小区 2室1厅 南/北","6300","朝阳区","奥林匹克公园","北沙滩小区","52.89㎡","南 北","2室1厅1卫","中楼层 （5层）","自营|近地铁|精装|集中供暖|押一付一|随时看房","贝壳优选","今天维护","https://bj.zu.ke.com/zufang/BJ2166814102536585216.html","https://ke-image.ljcdn.com/lease-image/house/943e6ff10a1acc4ee15e6634df80b32a.jpeg.250x182.jpg","4","multi","https://ke-image.ljcdn.com/lease-image/house/943e6ff10a1acc4ee15e6634df80b32a.jpeg.780x439.jpg|https://ke-image.ljcdn.com/lease-image/house/95a0579bc1b10323748ae9bc7b9410c8.jpeg.780x439.jpg|https://ke-image.ljcdn.com/lease-image/house/df3913c6afd6648fea2eeac2be873303.jpeg.780x439.jpg|https://ke-image.ljcdn.com/lease-image/house/4a700cd032f49267dd09d55665f2626c.jpeg.780x439.jpg",,"https://bj.zu.ke.com/ditiezufang/li43143633s46538455/pg3rt200600000001l1l2/","3","2026/8/23 17:05:30"
"BJ2010990515842973696","整租·北沙滩小区 2室1厅 南","5985","朝阳区","奥林匹克公园","北沙滩小区","51.16㎡","南","2室1厅1卫","高楼层 （5层）","自营|新上|近地铁|精装|集中供暖|押一付一|随时看房","贝壳优选","今天维护","https://bj.zu.ke.com/zufang/BJ2010990515842973696.html","https://ke-image.ljcdn.com/lease-image/house/654bdbc35c57658f217e4317ba3be408.jpeg.250x182.jpg","5","multi","https://ke-image.ljcdn.com/lease-image/house/654bdbc35c57658f217e4317ba3be408.jpeg.780x439.jpg|https://ke-image.ljcdn.com/lease-image/house/122b295953e6e7c4a74bc8cc6e7fd53e.jpeg.780x439.jpg|https://ke-image.ljcdn.com/lease-image/house/46674bcc38f7e6fd9f70b8bc0d4e28f3.jpeg.780x439.jpg|https://ke-image.ljcdn.com/lease-image/house/d2d3a8998e195a785ce886cbc037039d.jpeg.780x439.jpg|https://ke-image.ljcdn.com/lease-image/house/7d84b39f3e270a735a9dfdad95c2a252.jpeg.780x439.jpg",,"https://bj.zu.ke.com/ditiezufang/li43143633s46538455/pg3rt200600000001l1l2/","3","2026/8/23 17:05:30"
"BJ2191907666660425728","整租·南沙滩小区 2室1厅 南/北","6700","朝阳区","南沙滩","南沙滩小区","68.21㎡","南 北","2室1厅1卫","高楼层 （6层）","自营|新上|近地铁|集中供暖|押一付一|随时看房|首次出租","贝壳优选","今天维护","https://bj.zu.ke.com/zufang/BJ2191907666660425728.html","https://ke-image.ljcdn.com/110000-inspection/a1baee66-9e8c-4463-b398-a90121aa59c1.jpg!m_fill,w_250,h_182,l_fbk,o_auto","5","multi","https://ke-image.ljcdn.com/110000-inspection/a1baee66-9e8c-4463-b398-a90121aa59c1.jpg!m_fill,w_780,h_439,l_fbk,o_auto|https://ke-image.ljcdn.com/110000-inspection/ba02196c-a6c0-40e3-9f09-36ba05577f26.jpg!m_fill,w_780,h_439,l_fbk,o_auto|https://ke-image.ljcdn.com/110000-inspection/265de8d9-5a83-47ce-9351-d3a3ba64658a.jpg!m_fill,w_780,h_439,l_fbk,o_auto|https://ke-image.ljcdn.com/110000-inspection/200a44a8-52ee-4627-8603-22ec10166f93.jpg!m_fill,w_780,h_439,l_fbk,o_auto|https://ke-image.ljcdn.com/110000-inspection/7ca5414f-0a7c-4325-9581-642aae739aad.jpg!m_fill,w_780,h_439,l_fbk,o_auto",,"https://bj.zu.ke.com/ditiezufang/li43143633s46538455/pg3rt200600000001l1l2/","3","2026/8/23 17:05:30"
"BJ2196961860480139264","整租·南沙滩小区 2室1厅 东南/西南","8200","朝阳区","南沙滩","南沙滩小区","69.74㎡","东南 西南","2室1厅1卫","高楼层 （22层）","自营|近地铁|精装|集中供暖|押一付一|随时看房|首次出租","贝壳优选","今天维护","https://bj.zu.ke.com/zufang/BJ2196961860480139264.html","https://ke-image.ljcdn.com/lease-image/house/35d0311fe5fa28cdeb49c605b1045f72.jpeg.250x182.jpg","20","multi","https://ke-image.ljcdn.com/lease-image/house/35d0311fe5fa28cdeb49c605b1045f72.jpeg.780x439.jpg|https://ke-image.ljcdn.com/lease-image/house/f46c69bfe2b7e91bd93454f77b4816c8.jpeg.780x439.jpg|https://ke-image.ljcdn.com/lease-image/house/c6bf7beb00fdc5aa903621760b455694.jpeg.780x439.jpg|https://ke-image.ljcdn.com/lease-image/house/5ec07c2a6618981f205de254da680ccd.jpeg.780x439.jpg|https://ke-image.ljcdn.com/lease-image/house/29a2bb2341d01d761febb6509fb19509.jpeg.780x439.jpg|https://ke-image.ljcdn.com/lease-image/house/7714d711f2c7b49d1f847b831d64c27e.jpeg.780x439.jpg|https://ke-image.ljcdn.com/lease-image/house/05ae5784f563f8f425cc80123b764564.jpeg.780x439.jpg|https://ke-image.ljcdn.com/lease-image/house/d0d3b93f162af5d00bd8484f9d79b03f.jpeg.780x439.jpg|https://ke-image.ljcdn.com/lease-image/house/b8caf2a0a8aa0f9688526b4646bdf9d4.jpeg.780x439.jpg|https://ke-image.ljcdn.com/lease-image/house/a36242c3fa03e192bb7c77453afdf4d3.jpeg.780x439.jpg|https://ke-image.ljcdn.com/lease-image/house/25f15862b1c9f4dc4ee6f88b66a6b5a9.jpeg.780x439.jpg|https://ke-image.ljcdn.com/lease-image/house/13a09b6e097334ceabdf459a7261a8fe.jpeg.780x439.jpg|https://ke-image.ljcdn.com/lease-image/house/97ff3b513cfdfa48c85ed4e3a0f6ee58.jpeg.780x439.jpg|https://ke-image.ljcdn.com/lease-image/house/0e970596517398248aaab64838b230c1.jpeg.780x439.jpg|https://ke-image.ljcdn.com/lease-image/house/abd37e680baa9474a693bb0d7d2b3aa3.jpeg.780x439.jpg|https://ke-image.ljcdn.com/lease-image/house/009f0a58d54f4d38dd678b130bb49920.jpeg.780x439.jpg|https://ke-image.ljcdn.com/lease-image/house/15eb70d2da16aec084be2dc798f13277.jpeg.780x439.jpg|https://ke-image.ljcdn.com/lease-image/house/d26d1679f7af4c4fed03f39d4e8b9451.jpeg.780x439.jpg|https://ke-image.ljcdn.com/lease-image/house/ef5abc21033901d2e5b59dc755cc0831.jpeg.780x439.jpg|https://ke-image.ljcdn.com/lease-image/house/6e3c6453544e170ee3573b123dc06a9e.jpeg.780x439.jpg",,"https://bj.zu.ke.com/ditiezufang/li43143633s46538455/pg3rt200600000001l1l2/","3","2026/8/23 17:05:30"
